Province,Year,Zone,Candidate,Number,Party,Score
กรุงเทพมหานคร,2548,1,นายสุวิทย์ จารึกเสถียร,1,ชาติไทย,"2,075"
กรุงเทพมหานคร,2548,1,นางเจิมมาศ จึงเลิศศิริ,4,ประชาธิปัตย์,"32,926"
กรุงเทพมหานคร,2548,1,นายประสพชัย ชโลปถัมภ์,5,ประชาชนไทย,102
กรุงเทพมหานคร,2548,1,นายศิริ หวังบุญเกิด,9,ไทยรักไทย,"26,131"
กรุงเทพมหานคร,2548,1,น.ส.จิรภา แสนเกษม,11,มหาชน,"1,193"
กรุงเทพมหานคร,2548,2,นายอรัญ พันธุมจินดา,1,ชาติไทย,"3,015"
กรุงเทพมหานคร,2548,2,นางสุภัคสิริ หฤษฎางค์กูร,4,ประชาธิปัตย์,"14,071"
กรุงเทพมหานคร,2548,2,นายสืบสันต์ สืบสหการ,5,ประชาชนไทย,129
กรุงเทพมหานคร,2548,2,นายกฤษฎา สัจจกุล,9,ไทยรักไทย,"37,493"
กรุงเทพมหานคร,2548,2,นายพิชัย สิริรัตนพลกุล,11,มหาชน,"1,164"
กรุงเทพมหานคร,2548,3,นายฉัตรชัย นาคอนุรักษ์,1,ชาติไทย,"3,217"
กรุงเทพมหานคร,2548,3,นายประพันธ์ คูณมี,4,ประชาธิปัตย์,"23,885"
กรุงเทพมหานคร,2548,3,นายจรัล สถิตปรัชญากุล,5,ประชาชนไทย,225
กรุงเทพมหานคร,2548,3,นางลลิตา ฤกษ์สำราญ,9,ไทยรักไทย,"47,376"
กรุงเทพมหานคร,2548,3,นายวิภาส ทองสุทธิ์,11,มหาชน,"1,191"
กรุงเทพมหานคร,2548,4,นายกฤษฎา อินทามระ,1,ชาติไทย,"1,663"
กรุงเทพมหานคร,2548,4,นายพุทธิพงษ์ ปุณณกันต์,4,ประชาธิปัตย์,"27,888"
กรุงเทพมหานคร,2548,4,นายกฤตย์ ธารสุนทร,5,ประชาชนไทย,79
กรุงเทพมหานคร,2548,4,ร.อ.รชฏ พิสิษฐบรรณกร,9,ไทยรักไทย,"29,699"
กรุงเทพมหานคร,2548,4,นายพจน์ ลักษณสมพงศ์,11,มหาชน,741
กรุงเทพมหานคร,2548,5,น.ส.ปอรรัชม์ ยอดเณร,1,ชาติไทย,"2,732"
กรุงเทพมหานคร,2548,5,นายกอร์ปศักดิ์ สภาวสุ,4,ประชาธิปัตย์,"20,456"
กรุงเทพมหานคร,2548,5,นายประจวบ อึ๊งภากรณ์,9,ไทยรักไทย,"23,236"
กรุงเทพมหานคร,2548,5,น.ส.ชมพูนุท ชายุตพงศ์,11,มหาชน,374
กรุงเทพมหานคร,2548,6,นายธรรณม์ชัย รุ่งจิรโรจน์,1,ชาติไทย,"1,559"
กรุงเทพมหานคร,2548,6,ม.ล.อภิมงคล โสณกุล,4,ประชาธิปัตย์,"34,931"
กรุงเทพมหานคร,2548,6,นางอรทัย ฐานะจาโร,9,ไทยรักไทย,"27,271"
กรุงเทพมหานคร,2548,6,นายดำรงศักดิ์ ธารดำรงค์,11,มหาชน,731
กรุงเทพมหานคร,2548,7,น.ส.ดวงดาว รอบคอบ,1,ชาติไทย,"1,509"
กรุงเทพมหานคร,2548,7,นายกรณ์ จาติกวณิช,4,ประชาธิปัตย์,"36,010"
กรุงเทพมหานคร,2548,7,นายดนุพร ปุณณกันต์,9,ไทยรักไทย,"29,613"
กรุงเทพมหานคร,2548,7,นายณัฐพัชร์ โชติวรวัฒน์,11,มหาชน,363
กรุงเทพมหานคร,2548,8,นายชัยยุทธ วงศ์พิภพมงคล,1,ชาติไทย,"1,070"
กรุงเทพมหานคร,2548,8,นายสมเกียรติ ฉันทวานิช,4,ประชาธิปัตย์,"24,123"
กรุงเทพมหานคร,2548,8,นายพงษ์พิสุทธิ์ จินตโสภณ,9,ไทยรักไทย,"25,089"
กรุงเทพมหานคร,2548,9,นายถนอม อ่อนเกตุพล,4,ประชาธิปัตย์,"20,143"
กรุงเทพมหานคร,2548,9,น.ต.ศิธา ทิวารี,9,ไทยรักไทย,"30,342"
กรุงเทพมหานคร,2548,9,นายโชคชัย สุดดี,11,มหาชน,832
กรุงเทพมหานคร,2548,9,นายศุภโชค จินดาพล,19,รักษ์ถิ่นไทย,404
กรุงเทพมหานคร,2548,10,นายสุคนธ์ ฟ้าอรุณ,1,ชาติไทย,"1,441"
กรุงเทพมหานคร,2548,10,นายอิสรา สุนทรวัฒน์,4,ประชาธิปัตย์,"29,084"
กรุงเทพมหานคร,2548,10,นายบุญส่ง ประเสริฐดำรง,5,ประชาชนไทย,80
กรุงเทพมหานคร,2548,10,น.ส.ณหทัย ทิวไผ่งาม,9,ไทยรักไทย,"32,483"
กรุงเทพมหานคร,2548,10,นายสิทธิชัย นุ่มแจ่ม,11,มหาชน,635
กรุงเทพมหานคร,2548,11,พ.ต.อ.อวยชัย ชุนาวรรณ,1,ชาติไทย,"3,091"
กรุงเทพมหานคร,2548,11,พลเอกเฟื่องวิชชุ์ อนิรุทธเทวา,4,ประชาธิปัตย์,"30,497"
กรุงเทพมหานคร,2548,11,นายยุรนันท์ ภมรมนตรี,9,ไทยรักไทย,"40,176"
กรุงเทพมหานคร,2548,11,น.ส.ณัฐชนก ผดุงทรง,11,มหาชน,698
กรุงเทพมหานคร,2548,12,นายสุรพล ศรีวิทยา,1,ชาติไทย,"3,488"
กรุงเทพมหานคร,2548,12,นายชวนนท์ อินทรโกมาลย์สุต,4,ประชาธิปัตย์,"33,324"
กรุงเทพมหานคร,2548,12,นายกรณิศ ศรีสัจจา,5,ประชาชนไทย,113
กรุงเทพมหานคร,2548,12,นายเฉลิมชัย จีนะวิจารณะ,9,ไทยรักไทย,"51,424"
กรุงเทพมหานคร,2548,12,นายนิพนธ์ ทาบุราญ,11,มหาชน,750
กรุงเทพมหานคร,2548,12,นายณัฐฌพรหม นุสติ,21,กฤษไทยมั่นคง,99
กรุงเทพมหานคร,2548,13,นายชาญเวทย์ บูชา,1,ชาติไทย,"2,145"
กรุงเทพมหานคร,2548,13,นายอัศวิน อภัยวงศ์,4,ประชาธิปัตย์,"17,707"
กรุงเทพมหานคร,2548,13,น.ส.ศุภมาส อิศรภักดี,9,ไทยรักไทย,"39,348"
กรุงเทพมหานคร,2548,13,นายจิตติ โสภณดิเรกรัตน์,11,มหาชน,"3,227"
กรุงเทพมหานคร,2548,14,น.ส.จณิสตา ลิ่วเฉลิมวงศ์,1,ชาติไทย,"37,457"
กรุงเทพมหานคร,2548,14,นายสุรศักดิ์ ทรงไชยรัตนกุล,4,ประชาธิปัตย์,"9,419"
กรุงเทพมหานคร,2548,14,นายพลพิสิทธิ์ แจวจันทึก,5,ประชาชนไทย,434
กรุงเทพมหานคร,2548,14,นายไพโรจน์ เกี้ยวทอง,10,ความหวังใหม่,"2,375"
กรุงเทพมหานคร,2548,14,นายสุทธินันท์ จันทระ,11,มหาชน,"2,054"
กรุงเทพมหานคร,2548,15,นายสมชาย เวสารัชตระกูล,1,ชาติไทย,"6,091"
กรุงเทพมหานคร,2548,15,นายเดชา ยิ้มอำนวย,4,ประชาธิปัตย์,"16,341"
กรุงเทพมหานคร,2548,15,นางปวีณา หงสกุล,9,ไทยรักไทย,"59,718"
กรุงเทพมหานคร,2548,15,นายอานนท์ เชาวนรัตน์,10,ความหวังใหม่,139
กรุงเทพมหานคร,2548,15,นายปริญญา เกษศิริ,11,มหาชน,800
กรุงเทพมหานคร,2548,16,ร.ต.อ.กษิดิศ เทียกสีบุญ,1,ชาติไทย,"3,507"
กรุงเทพมหานคร,2548,16,นายสุริยะ ศึกษากิจ,4,ประชาธิปัตย์,"27,986"
กรุงเทพมหานคร,2548,16,นายอนุสรณ์ ปั้นทอง,9,ไทยรักไทย,"56,596"
กรุงเทพมหานคร,2548,16,นายฐิติโชค กาญจนภักดี,11,มหาชน,"5,785"
กรุงเทพมหานคร,2548,17,ร.ต.อ.ศักดิ์ชัย จีรพรชัย,1,ชาติไทย,"2,255"
กรุงเทพมหานคร,2548,17,นายชูศักดิ์ จึงพานิช,4,ประชาธิปัตย์,"24,250"
กรุงเทพมหานคร,2548,17,นายพันธ์วริศ พุกเสวก,5,ประชาชนไทย,109
กรุงเทพมหานคร,2548,17,นายประมณฑ์ คุณะเกษม,9,ไทยรักไทย,"35,919"
กรุงเทพมหานคร,2548,18,นายภคิณ ทิพย์สุคนธ์,1,ชาติไทย,"1,495"
กรุงเทพมหานคร,2548,18,นายบำรุง รัตนะ,4,ประชาธิปัตย์,"23,632"
กรุงเทพมหานคร,2548,18,นายสันติ วิชัยพล,5,ประชาชนไทย,85
กรุงเทพมหานคร,2548,18,น.ส.ภูวนิดา คุนผลิน,9,ไทยรักไทย,"31,691"
กรุงเทพมหานคร,2548,18,นายพิชัย หงษ์สุวรรณ,11,มหาชน,576
กรุงเทพมหานคร,2548,19,นายฐิติ ชัยนาม,4,ประชาธิปัตย์,"27,719"
กรุงเทพมหานคร,2548,19,นายวรรธนะ เพชรชนะ,5,ประชาชนไทย,104
กรุงเทพมหานคร,2548,19,นายพิมล ศรีวิกรม์,9,ไทยรักไทย,"44,940"
กรุงเทพมหานคร,2548,19,นายปานกฤษณ์ จรัณยานนท์,11,มหาชน,775
กรุงเทพมหานคร,2548,19,น.ส.ประดับ เอี่ยมโอบวงศ์,15,ชาติประชาธิปไตย,151
กรุงเทพมหานคร,2548,20,นายแพทย์ทิวา เงินยวง,4,ประชาธิปัตย์,"29,458"
กรุงเทพมหานคร,2548,20,นายรักเกียรติ แก้วทอง,5,ประชาชนไทย,85
กรุงเทพมหานคร,2548,20,นายพฤฒิชัย ดำรงรัตน์,9,ไทยรักไทย,"40,139"
กรุงเทพมหานคร,2548,20,นายแมน เจริญวัลย์,11,มหาชน,"1,561"
กรุงเทพมหานคร,2548,21,นายกฤชญาณ ทิพย์สุคนธ์,1,ชาติไทย,"2,296"
กรุงเทพมหานคร,2548,21,นางนาถยา เบ็ญจศิริวรรณ,4,ประชาธิปัตย์,"35,633"
กรุงเทพมหานคร,2548,21,นายเอกพจน์ วงศ์อารยะ,9,ไทยรักไทย,"48,043"
กรุงเทพมหานคร,2548,21,นายอับดุลฮากีม ยีตา,10,ความหวังใหม่,111
กรุงเทพมหานคร,2548,21,นายธนัทเทพ สุดถนอม,11,มหาชน,472
กรุงเทพมหานคร,2548,22,นายอภินันท์ พหลแพทย์,1,ชาติไทย,"3,027"
กรุงเทพมหานคร,2548,22,นายเสนีย์ สุวรรณดี,4,ประชาธิปัตย์,"37,658"
กรุงเทพมหานคร,2548,22,นายภัทรศักดิ์ โอสถานุเคราะห์,9,ไทยรักไทย,"48,210"
กรุงเทพมหานคร,2548,22,นายวิสูตร วิสุทธิไกรสีห์,11,มหาชน,"1,461"
กรุงเทพมหานคร,2548,23,นายวิรัช นาโค,1,ชาติไทย,"2,972"
กรุงเทพมหานคร,2548,23,นายชาญ เชาว์วิศิษฐ,4,ประชาธิปัตย์,"27,325"
กรุงเทพมหานคร,2548,23,น.ส.ศันสนีย์ นาคพงศ์,9,ไทยรักไทย,"53,976"
กรุงเทพมหานคร,2548,23,พ.ต.ท.ชาญชัย งามธุระ,11,มหาชน,"2,761"
กรุงเทพมหานคร,2548,24,นายสุรวีร์ บุญราช,1,ชาติไทย,"2,087"
กรุงเทพมหานคร,2548,24,นายสุทธิ ปัญญาสกุลวงศ์,4,ประชาธิปัตย์,"23,865"
กรุงเทพมหานคร,2548,24,นายวัฒนา เซ่งไพเราะ,9,ไทยรักไทย,"32,128"
กรุงเทพมหานคร,2548,24,นางสมิตา สรสุชาติ,11,มหาชน,"4,142"
กรุงเทพมหานคร,2548,24,นายเกียรติยศโรเยอร์ โลหนันทน์,18,รักษ์ถิ่นไทย,181
กรุงเทพมหานคร,2548,25,นายสุรชัย นิวาสพันธ์,1,ชาติไทย,"3,689"
กรุงเทพมหานคร,2548,25,นายอนันต์ ฤกษ์ดี,4,ประชาธิปัตย์,"35,906"
กรุงเทพมหานคร,2548,25,น.ส.ศุภลักษณ์ จิตปัญโญยศ,5,ประชาชนไทย,686
กรุงเทพมหานคร,2548,25,นายมงคล กิมสูนจันทร์,9,ไทยรักไทย,"78,296"
กรุงเทพมหานคร,2548,25,นายรัชพงศ์ ทาบุราญ,11,มหาชน,886
กรุงเทพมหานคร,2548,25,นายมุดตาฝ้า หมันงะ,12,ประชากรไทย,"5,842"
กรุงเทพมหานคร,2548,25,นายกำพล ศรีสมบูรณ์,13,ไทยช่วยไทย,85
กรุงเทพมหานคร,2548,25,นายชูพงษ์ แพทย์หลักฟ้า,21,เผ่าไท,190
กรุงเทพมหานคร,2548,26,นายขุนธรรม เดือดขุนทด,1,ชาติไทย,"2,851"
กรุงเทพมหานคร,2548,26,นายประพันธ์ ปุษยไพบูลย์,4,ประชาธิปัตย์,"43,034"
กรุงเทพมหานคร,2548,26,ว่าที่ ร.ต.ศุภวัฒน์ ฟักตระกูล,5,ประชาชนไทย,144
กรุงเทพมหานคร,2548,26,นายวิชาญ มีนชัยนันท์,9,ไทยรักไทย,"73,744"
กรุงเทพมหานคร,2548,26,นายแสนสมบูรณ์ นวลปวน,10,ความหวังใหม่,311
กรุงเทพมหานคร,2548,26,นายเดชา อยู่หว่าง,11,มหาชน,"1,232"
กรุงเทพมหานคร,2548,27,นายสุเทพ แสงเอี่ยม,1,ชาติไทย,"1,843"
กรุงเทพมหานคร,2548,27,นายธัชพงศ์ ธรรมพุฒิพงศ์,4,ประชาธิปัตย์,"17,850"
กรุงเทพมหานคร,2548,27,นายเมือง สุวรรณสัญญา,5,ประชาชนไทย,74
กรุงเทพมหานคร,2548,27,นายเอนก หุตังคบดี,9,ไทยรักไทย,"35,075"
กรุงเทพมหานคร,2548,27,นายบัณฑูร บุญสนอง,11,มหาชน,408
กรุงเทพมหานคร,2548,28,นายวิสิฐ ศรีพิทักษ์,1,ชาติไทย,"1,413"
กรุงเทพมหานคร,2548,28,นายวิลาศ จันทร์พิทักษ์,4,ประชาธิปัตย์,"22,680"
กรุงเทพมหานคร,2548,28,น.ส.ศิลัมพา เลิศนุวัฒน์,9,ไทยรักไทย,"26,702"
กรุงเทพมหานคร,2548,28,นายรัชวิศน์ คุณปสุต,11,มหาชน,"6,521"
กรุงเทพมหานคร,2548,28,นายคณาบุญ รัตนตานนท์,18,รักษ์ถิ่นไทย,66
กรุงเทพมหานคร,2548,29,นายมนูญ นกยูงทอง,1,ชาติไทย,"2,233"
กรุงเทพมหานคร,2548,29,นายจักรพันธ์ พรนิมิตร,4,ประชาธิปัตย์,"30,537"
กรุงเทพมหานคร,2548,29,นายภิมุข สิมะโรจน์,9,ไทยรักไทย,"39,061"
กรุงเทพมหานคร,2548,29,นายสมศักดิ์ มีเสถียร,11,มหาชน,380
กรุงเทพมหานคร,2548,30,นายนพกร ธีรภาพวงศา,1,ชาติไทย,719
กรุงเทพมหานคร,2548,30,นายองอาจ คล้ามไพบูลย์,4,ประชาธิปัตย์,"30,995"
กรุงเทพมหานคร,2548,30,นางกิ่งฟ้า สืบสหการ,5,ประชาชนไทย,43
กรุงเทพมหานคร,2548,30,นายจักรภพ เพ็ญแข,9,ไทยรักไทย,"23,740"
กรุงเทพมหานคร,2548,30,นายไชยยศ อรุณสุริยศักดิ์,11,มหาชน,144
กรุงเทพมหานคร,2548,31,นายบุญชู มีศรี,1,ชาติไทย,"3,486"
กรุงเทพมหานคร,2548,31,นายบุณธีร์ พานิชประไพ,4,ประชาธิปัตย์,"29,264"
กรุงเทพมหานคร,2548,31,นายปิติพงศ์ เต็มเจริญ,9,ไทยรักไทย,"53,369"
กรุงเทพมหานคร,2548,31,นายจวง เทียนจวง,11,มหาชน,"1,235"
กรุงเทพมหานคร,2548,32,นายอภิชาติ กมลทิพย์,1,ชาติไทย,"2,289"
กรุงเทพมหานคร,2548,32,นายสุรันต์ จันทร์พิทักษ์,4,ประชาธิปัตย์,"37,556"
กรุงเทพมหานคร,2548,32,นายมานะ คงวุฒิปัญญา,9,ไทยรักไทย,"39,199"
กรุงเทพมหานคร,2548,32,นายพีระ มีผล,11,มหาชน,923
กรุงเทพมหานคร,2548,33,นายสมบูรณ์ กุลเมืองน้อย,1,ชาติไทย,"2,273"
กรุงเทพมหานคร,2548,33,นางนันทพร วีรกุลสุนทร,4,ประชาธิปัตย์,"32,670"
กรุงเทพมหานคร,2548,33,นายสุวัฒน์ ม่วงศิริ,9,ไทยรักไทย,"47,008"
กรุงเทพมหานคร,2548,33,นายสมบัติ เบญจศิริมงคล,11,มหาชน,694
กรุงเทพมหานคร,2548,34,นายมงคล โค้ววัฒนะวงษ์รักษ์,1,ชาติไทย,"12,545"
กรุงเทพมหานคร,2548,34,นายโสภณ ขวัญบัว,4,ประชาธิปัตย์,"34,779"
กรุงเทพมหานคร,2548,34,นายสุวัฒน์ วรรณศิริกุล,9,ไทยรักไทย,"51,273"
กรุงเทพมหานคร,2548,34,นายสวัสดิ์ บุญรัตน์,11,มหาชน,"1,526"
กรุงเทพมหานคร,2548,35,นางจุลี เจิดเจริญดี,1,ชาติไทย,"3,875"
กรุงเทพมหานคร,2548,35,พ.ต.ท.สวัสดิ์ จำปาศรี,4,ประชาธิปัตย์,"31,343"
กรุงเทพมหานคร,2548,35,นายสากล ม่วงศิริ,9,ไทยรักไทย,"72,368"
กรุงเทพมหานคร,2548,35,นายสนั่น สุขเกษม,11,มหาชน,728
กรุงเทพมหานคร,2548,36,น.ส.นุจรี ศิริสิงห์,1,ชาติไทย,"3,554"
กรุงเทพมหานคร,2548,36,นายโกวิทย์ ธารณา,4,ประชาธิปัตย์,"30,028"
กรุงเทพมหานคร,2548,36,นายสุธา ชันแสง,9,ไทยรักไทย,"42,424"
กรุงเทพมหานคร,2548,36,นายอุฤทธิ์ บุนนาค,11,มหาชน,768
กรุงเทพมหานคร,2548,37,นายอนุชิต พูนสิทธิโชค,1,ชาติไทย,"4,433"
กรุงเทพมหานคร,2548,37,นายวัชระ เพชรทอง,4,ประชาธิปัตย์,"42,523"
กรุงเทพมหานคร,2548,37,นายแสวง ฤกษ์จรัล,9,ไทยรักไทย,"68,529"
กรุงเทพมหานคร,2548,37,นายพรชัย เพชรชู,11,มหาชน,"1,243"
กระบี่,2548,1,นายอาคม เอ่งฉ้วน,4,ประชาธิปัตย์,"63,783"
กระบี่,2548,1,นายสฤษฎ์พงษ์ เกี่ยวข้อง,9,ไทยรักไทย,"30,581"
กระบี่,2548,1,นายอริษฎร์ จิรเดชตระกูล,11,มหาชน,"3,177"
กระบี่,2548,2,นายพิเชษฐ พันธุ์วิชาติกุล,4,ประชาธิปัตย์,"67,022"
กระบี่,2548,2,นายดำรงค์ กิตติธรกุล,9,ไทยรักไทย,"32,594"
กาญจนบุรี,2548,1,นายวิมล พนมศักดิ์,1,ชาติไทย,"4,844"
กาญจนบุรี,2548,1,นายสุเมศ โพธิพิพิธ,4,ประชาธิปัตย์,"22,271"
กาญจนบุรี,2548,1,พลเอกสมชาย วิษณุวงศ์,9,ไทยรักไทย,"36,509"
กาญจนบุรี,2548,1,นายวสันต์ ภูษิตกาญจนา,11,มหาชน,"10,516"
กาญจนบุรี,2548,2,นายสมาน เลื่อนเครือ,1,ชาติไทย,"5,237"
กาญจนบุรี,2548,2,นายพินิจ โพธิพิพิธ,4,ประชาธิปัตย์,"24,420"
กาญจนบุรี,2548,2,นายสันทัด จีนาภักดิ์,9,ไทยรักไทย,"48,066"
กาญจนบุรี,2548,2,นางอรัญญา คณากรณ์,11,มหาชน,"2,491"
กาญจนบุรี,2548,3,นายปารเมศ โพธารากุล,4,ประชาธิปัตย์,"45,635"
กาญจนบุรี,2548,3,นายเรวัต สิรินุกุล,9,ไทยรักไทย,"33,776"
กาญจนบุรี,2548,4,นายสุชาติ นวกวงษ์,1,ชาติไทย,"4,700"
กาญจนบุรี,2548,4,พล.ต.ต.สุรัตน์ ยุทธโยธิน,4,ประชาธิปัตย์,"4,089"
กาญจนบุรี,2548,4,นายไพบูลย์ พิมพ์พิสิฐถาวร,9,ไทยรักไทย,"53,471"
กาญจนบุรี,2548,4,นายอนุกูล แพรไพศาล,11,มหาชน,"12,559"
กาญจนบุรี,2548,5,นายประชา โพธิพิพิธ,4,ประชาธิปัตย์,"24,293"
กาญจนบุรี,2548,5,พลโทมะ โพธิ์งาม,9,ไทยรักไทย,"34,229"
กาฬสินธุ์,2548,1,นายวิรัช พิมพะนิตย์,1,ชาติไทย,"27,072"
กาฬสินธุ์,2548,1,นายวรุจน์ มูลศรี,4,ประชาธิปัตย์,"2,533"
กาฬสินธุ์,2548,1,นายวรวัฒน์ รุ่งรัตนกสิน,5,ประชาชนไทย,125
กาฬสินธุ์,2548,1,นายณัฐพล สุวรรณชาติ,6,คนขอปลดหนี้,670
กาฬสินธุ์,2548,1,นางบุญรื่น ศรีธเรศ,9,ไทยรักไทย,"42,093"
กาฬสินธุ์,2548,1,นายกิติชัย วินมูล,10,ความหวังใหม่,439
กาฬสินธุ์,2548,1,นายชัชวาล เชิญตระกูล,11,มหาชน,"6,352"
กาฬสินธุ์,2548,2,นายเกรียงไกร ภูมิเหล่าแจ้ง,1,ชาติไทย,"30,211"
กาฬสินธุ์,2548,2,น.ส.อรดี สุทธศรี,9,ไทยรักไทย,"49,102"
กาฬสินธุ์,2548,2,พ.ต.อ.ถนอม ภูตีกา,10,ความหวังใหม่,379
กาฬสินธุ์,2548,2,นายภูมินทร์ ภูสุจริต,18,รักษ์ถิ่นไทย,94
กาฬสินธุ์,2548,3,นายกมล จรูญเพ็ญ,1,ชาติไทย,746
กาฬสินธุ์,2548,3,นายจำลอง ภูนวนทา,4,ประชาธิปัตย์,"22,023"
กาฬสินธุ์,2548,3,นายแปลก สุวรรณชาติ,6,คนขอปลดหนี้,"3,454"
กาฬสินธุ์,2548,3,นายวิทยา ภูมิเหล่าแจ้ง,9,ไทยรักไทย,"35,536"
กาฬสินธุ์,2548,3,นายทศพร บุญเรือง,10,ความหวังใหม่,"2,612"
กาฬสินธุ์,2548,3,นายบวร ภูจริต,11,มหาชน,"10,079"
กาฬสินธุ์,2548,4,นายธีระชัย แสนภูวา,1,ชาติไทย,"20,554"
กาฬสินธุ์,2548,4,นายธีระพงษ์ วงศ์พรหมเมฆ,4,ประชาธิปัตย์,"1,359"
กาฬสินธุ์,2548,4,นายชอบเรียน วงศ์ศิริ,5,ประชาชนไทย,574
กาฬสินธุ์,2548,4,ร.ต.อ.เสกสิทธิ์ มาตชะลา,6,คนขอปลดหนี้,"2,882"
กาฬสินธุ์,2548,4,นายเคน สุภารีย์,8,แผ่นดินไทย,858
กาฬสินธุ์,2548,4,นายพีระเพชร ศิริกุล,9,ไทยรักไทย,"37,371"
กาฬสินธุ์,2548,4,นายอภิเดช ไทยแท้,10,ความหวังใหม่,"4,116"
กาฬสินธุ์,2548,4,นายสำราญ ญาณกาย,11,มหาชน,"7,927"
กาฬสินธุ์,2548,5,นายเดชชัย เฉิดรัศมี,1,ชาติไทย,"1,227"
กาฬสินธุ์,2548,5,นายพนมพร เขตอนันต์,4,ประชาธิปัตย์,"4,040"
กาฬสินธุ์,2548,5,นายณัฐวุฒิ ไตรทิพย์,5,ประชาชนไทย,285
กาฬสินธุ์,2548,5,นายวิเชียร พลเยี่ยม,6,คนขอปลดหนี้,785
กาฬสินธุ์,2548,5,น.ส.ภัทรา วรามิตร,9,ไทยรักไทย,"62,254"
กาฬสินธุ์,2548,5,นายสิทธิศักดิ์ พัฒนชัย,10,ความหวังใหม่,"1,123"
กาฬสินธุ์,2548,5,นายภาณุพันธ์ เชาว์น้อย,11,มหาชน,"7,014"
กาฬสินธุ์,2548,5,นายสุระชัย ไชยทองศรี,18,รักษ์ถิ่นไทย,555
กาฬสินธุ์,2548,6,นางจิตตา ณ กาฬสินธุ์,1,ชาติไทย,"21,031"
กาฬสินธุ์,2548,6,นายอารยะ นางาม,4,ประชาธิปัตย์,810
กาฬสินธุ์,2548,6,นายปิยะ ปิ่นดำรง,6,คนขอปลดหนี้,"1,687"
กาฬสินธุ์,2548,6,นายประเสริฐ บุญเรือง,9,ไทยรักไทย,"42,838"
กาฬสินธุ์,2548,6,นายสุวัฒน์ สกุลโพน,10,ความหวังใหม่,"5,080"
กาฬสินธุ์,2548,6,นายแม้ว ไชยทองศรี,11,มหาชน,"3,208"
กำแพงเพชร,2548,1,นายปรีชา มุสิกุล,4,ประชาธิปัตย์,"23,600"
กำแพงเพชร,2548,1,นายเดชา ยามา,5,ประชาชนไทย,329
กำแพงเพชร,2548,1,นายเรืองวิทย์ ลิกค์,9,ไทยรักไทย,"40,439"
กำแพงเพชร,2548,2,พ.ต.ท.จำเนียร เภรีวงษ์,1,ชาติไทย,"1,343"
กำแพงเพชร,2548,2,นายสุขวิชชาญ มุสิกุล,4,ประชาธิปัตย์,"28,205"
กำแพงเพชร,2548,2,ว่าที่ ร.ต.วิเศษ นาโตนด,5,ประชาชนไทย,561
กำแพงเพชร,2548,2,น.ส.คนึง ไทยประสิทธิ์,9,ไทยรักไทย,"39,819"
กำแพงเพชร,2548,3,นายสำราญ ศรีแปงวงศ์,4,ประชาธิปัตย์,"16,329"
กำแพงเพชร,2548,3,นายแสงอรุณ วิพัฒโสภาภรณ์,5,ประชาชนไทย,382
กำแพงเพชร,2548,3,พ.ต.ท.ไวพจน์ อาภรณ์รัตน์,9,ไทยรักไทย,"43,687"
กำแพงเพชร,2548,3,นายธานี สุโชดายน,11,มหาชน,"3,350"
กำแพงเพชร,2548,4,นายมีชัย พันธุวร,1,ชาติไทย,958
กำแพงเพชร,2548,4,นายณรงค์ อยู่ปาน,4,ประชาธิปัตย์,"19,911"
กำแพงเพชร,2548,4,นายศิวดล แว่นทอง,5,ประชาชนไทย,150
กำแพงเพชร,2548,4,นายรำพัน บัวผัน,6,คนขอปลดหนี้,376
กำแพงเพชร,2548,4,นายสนั่น สบายเมือง,9,ไทยรักไทย,"40,037"
กำแพงเพชร,2548,5,น.ส.ณัฐกานต์ เสมเพียร,4,ประชาธิปัตย์,"17,959"
กำแพงเพชร,2548,5,นายอนันต์ยศ นิลโชติ,5,ประชาชนไทย,509
กำแพงเพชร,2548,5,นายถวิล ฤกษ์หร่าย,9,ไทยรักไทย,"48,607"
ขอนแก่น,2548,1,พ.ต.ต.ประวัติ วิเชฏฐพงษ์,4,ประชาธิปัตย์,"9,515"
ขอนแก่น,2548,1,นายจักริน พัฒน์ดำรงจิตร,9,ไทยรักไทย,"49,360"
ขอนแก่น,2548,1,นางจุฑามาศ ธาตุดี,10,ความหวังใหม่,"1,006"
ขอนแก่น,2548,1,นายอัษฎางค์ แสวงการ,11,มหาชน,"12,078"
ขอนแก่น,2548,1,นายสมพร ทีภูเวียง,15,ชาติประชาธิปไตย,337
ขอนแก่น,2548,2,นายวีระ พลรักษา,1,ชาติไทย,"1,423"
ขอนแก่น,2548,2,นายสุนทร ลีซีทวน,4,ประชาธิปัตย์,"9,958"
ขอนแก่น,2548,2,นางนาตยา ราชแสนเมือง,5,ประชาชนไทย,348
ขอนแก่น,2548,2,นายอนุสรณ์ หวายสันเทียะ,6,คนขอปลดหนี้,770
ขอนแก่น,2548,2,น.ส.พรพิมล มูลสาร,8,แผ่นดินไทย,677
ขอนแก่น,2548,2,นายประจักษ์ แกล้วกล้าหาญ,9,ไทยรักไทย,"74,042"
ขอนแก่น,2548,2,นายเกริกฤทธิ แจ้งพรมมา,10,ความหวังใหม่,"1,569"
ขอนแก่น,2548,2,นายบุญคง ดวงจันคำ,11,มหาชน,"6,900"
ขอนแก่น,2548,2,นายสมคิด สุขเจริญ,13,ไทยช่วยไทย,85
ขอนแก่น,2548,2,นายวสันต์ ชูชัย,15,ชาติประชาธิปไตย,165
ขอนแก่น,2548,2,นายชิน เต็งเจริญกุล,18,รักษ์ถิ่นไทย,711
ขอนแก่น,2548,3,นายวิษณุ ศักดาสกุลคุณากร,1,ชาติไทย,607
ขอนแก่น,2548,3,นายอรรถพล ชัยนันท์สมิตย์,2,กิจสังคม,"22,056"
ขอนแก่น,2548,3,นายไชยยงค์ สืบสารคาม,4,ประชาธิปัตย์,"5,529"
ขอนแก่น,2548,3,นายประดิษฐ์ โนนว่านไฟ,5,ประชาชนไทย,95
ขอนแก่น,2548,3,นายจตุพร เจริญเชื้อ,9,ไทยรักไทย,"49,406"
ขอนแก่น,2548,3,นายรุ่งโรจน์ พลเสนา,10,ความหวังใหม่,155
ขอนแก่น,2548,3,นายณรงค์เลิศ สุรพล,11,มหาชน,"2,060"
ขอนแก่น,2548,3,นายสุพรรณ พิจารโชติ,12,ประชากรไทย,123
ขอนแก่น,2548,3,ร.ต.อ.สัตยา ดลตรี,13,ไทยช่วยไทย,36
ขอนแก่น,2548,3,นายบุญรวม พิมหานาม,15,ชาติประชาธิปไตย,119
ขอนแก่น,2548,3,นายประสิทธิ์ จันทสาร,21,เกษตรกรไทย,207
ขอนแก่น,2548,4,นายนิคม ศรีเงิน,4,ประชาธิปัตย์,"4,688"
ขอนแก่น,2548,4,นางมุกดา พงษ์สมบัติ,9,ไทยรักไทย,"57,273"
ขอนแก่น,2548,4,นายปัญญา ศรีปัญญา,11,มหาชน,"10,741"
ขอนแก่น,2548,4,นายประยงค์ อันไขหน้า,15,ชาติประชาธิปไตย,"1,156"
ขอนแก่น,2548,5,นายอุดมศักดิ์ มาสีพิทักษ์,1,ชาติไทย,"30,166"
ขอนแก่น,2548,5,นายสมชาย สัตยาภรณ์,4,ประชาธิปัตย์,"1,658"
ขอนแก่น,2548,5,น.ส.ดวงใจ สีวันนู,5,ประชาชนไทย,79
ขอนแก่น,2548,5,นายนาคิน คำศรี,6,คนขอปลดหนี้,388
ขอนแก่น,2548,5,นายภูมิ สาระผล,9,ไทยรักไทย,"40,673"
ขอนแก่น,2548,5,น.ส.กนกวรรณ เบ้าจรรยา,10,ความหวังใหม่,823
ขอนแก่น,2548,5,นายสมยงค์ แก้วสุพรรณ,11,มหาชน,"4,222"
ขอนแก่น,2548,5,นาย ณ ตะวัน พรหมทา,15,ชาติประชาธิปไตย,136
ขอนแก่น,2548,6,นายอุดร ศรีบุญเรือง,1,ชาติไทย,663
ขอนแก่น,2548,6,นายสุริโย ประสาทบัณฑิตย์,4,ประชาธิปัตย์,"2,608"
ขอนแก่น,2548,6,นายทองคำ ถนอมผล,5,ประชาชนไทย,270
ขอนแก่น,2548,6,นายธนายุทธ บุดดาเวียง,6,คนขอปลดหนี้,"1,137"
ขอนแก่น,2548,6,นายสมศักดิ์ เกียรติสุรนนท์,9,ไทยรักไทย,"46,959"
ขอนแก่น,2548,6,นายสุเทพ ดีบุญมี ณ ชุมแพ,11,มหาชน,"19,886"
ขอนแก่น,2548,7,นายเตือน สายบัวทอง,1,ชาติไทย,"7,626"
ขอนแก่น,2548,7,นายนาถ พรหมา,4,ประชาธิปัตย์,699
ขอนแก่น,2548,7,นายอิทธิ สีวันนู,5,ประชาชนไทย,56
ขอนแก่น,2548,7,นายสุชาย ศรีสุรพล,9,ไทยรักไทย,"42,514"
ขอนแก่น,2548,7,นายวุฒิพงษ์ ศุภรมย์,10,ความหวังใหม่,397
ขอนแก่น,2548,7,นางศรีนวล ศรีตรัย,11,มหาชน,"17,429"
ขอนแก่น,2548,7,นายวีระศักดิ์ พฤกษเทเวศ,15,ชาติประชาธิปไตย,246
ขอนแก่น,2548,8,ร.อ.วิชัย ราชานนท์,1,ชาติไทย,"7,717"
ขอนแก่น,2548,8,นายสุพจน์ ทองเนื้อขาว,4,ประชาธิปัตย์,687
ขอนแก่น,2548,8,นายสมศักดิ์ คุณเงิน,9,ไทยรักไทย,"52,701"
ขอนแก่น,2548,8,นายประสิทธิ์ เตาะเจริญสุข,11,มหาชน,"13,799"
ขอนแก่น,2548,9,นายศุภสิทธิ์ เตชะตานนท์,1,ชาติไทย,"16,630"
ขอนแก่น,2548,9,นายปีติชา ทุมเทียง,4,ประชาธิปัตย์,"1,474"
ขอนแก่น,2548,9,นายธราวุฒิ เคนคำภา,5,ประชาชนไทย,203
ขอนแก่น,2548,9,นายอรรถสิทธิ์ กาญจนสินิทธิ์,9,ไทยรักไทย,"44,107"
ขอนแก่น,2548,9,นายเลอพงศ์ ลิ้มรัตน์,10,ความหวังใหม่,"4,659"
ขอนแก่น,2548,9,นายกิตติโชติ เตรียมเวชวุฒิไกร,11,มหาชน,"4,208"
ขอนแก่น,2548,10,นายปัญญา วงษ์กันหา,1,ชาติไทย,"9,038"
ขอนแก่น,2548,10,นายสุเมธ เลียงชัยศิริ,4,ประชาธิปัตย์,"1,726"
ขอนแก่น,2548,10,นายสหชาติ สุดสะอาด,5,ประชาชนไทย,956
ขอนแก่น,2548,10,นายพงศกร อรรณนพพร,9,ไทยรักไทย,"53,920"
ขอนแก่น,2548,10,นายอำนาจ ชนะวงศ์,11,มหาชน,"3,232"
ขอนแก่น,2548,11,นายสัมฤทธิ์ เชื้อสาวถี,1,ชาติไทย,794
ขอนแก่น,2548,11,นายธรรมรส สุวรรณวงศ์,4,ประชาธิปัตย์,895
ขอนแก่น,2548,11,นายวิรัตน์ ทุมหนู,5,ประชาชนไทย,51
ขอนแก่น,2548,11,นายเรืองเดช สุพรรณฝ่าย,9,ไทยรักไทย,"51,385"
ขอนแก่น,2548,11,นายอภิชาติ สิงคลีบุตร,10,ความหวังใหม่,"10,677"
ขอนแก่น,2548,11,นายศิริพงษ์ อรุณเดชาชัย,11,มหาชน,"10,022"
จันทบุรี,2548,1,นายธวัชชัย อนามพงษ์,1,ชาติไทย,"33,119"
จันทบุรี,2548,1,นายพิสิษฐ์ ศรีประสม,4,ประชาธิปัตย์,"9,072"
จันทบุรี,2548,1,นายกล้าณรงค์ พงษ์เจริญ,9,ไทยรักไทย,"39,350"
จันทบุรี,2548,1,นายเจษฎา บัณฑูรรังษี,11,มหาชน,937
จันทบุรี,2548,2,นางคมคาย พลบุตร,1,ชาติไทย,"23,552"
จันทบุรี,2548,2,นายสงกรานต์ บุญหยง,4,ประชาธิปัตย์,"11,970"
จันทบุรี,2548,2,พล.ต.ต.พยุง ตรงสวัสดิ์,9,ไทยรักไทย,"36,821"
จันทบุรี,2548,2,นายยุคล ชนะวัฒน์ปัญญา,11,มหาชน,"19,183"
จันทบุรี,2548,3,นายแสนคม อนามพงษ์,1,ชาติไทย,"15,998"
จันทบุรี,2548,3,นายชยันต์ เนรัญชร,4,ประชาธิปัตย์,"21,146"
จันทบุรี,2548,3,นายพงศ์เวช เวชชาชีวะ,9,ไทยรักไทย,"50,893"
จันทบุรี,2548,3,นายสมโพธน์ ถนอมจิต,10,ความหวังใหม่,462
จันทบุรี,2548,3,นายรชตะ สาสะเน,11,มหาชน,"2,386"
ฉะเชิงเทรา,2548,1,นายสัมพันธ์ ไตรติลานันท์,1,ชาติไทย,"2,886"
ฉะเชิงเทรา,2548,1,พ.ต.ท.พชรเกรียงชัย สิงหนาท,4,ประชาธิปัตย์,"24,898"
ฉะเชิงเทรา,2548,1,นางฐิติมา ฉายแสง,9,ไทยรักไทย,"51,726"
ฉะเชิงเทรา,2548,2,นายชาลี เจริญสุข,4,ประชาธิปัตย์,"19,587"
ฉะเชิงเทรา,2548,2,นายสมชัย อัศวชัยโสภณ,9,ไทยรักไทย,"50,410"
ฉะเชิงเทรา,2548,2,นายชัยสิทธิ์ พูลสมบัติ,11,มหาชน,"10,777"
ฉะเชิงเทรา,2548,3,น.ส.นิรมล งามทรัพย์มณี,1,ชาติไทย,"3,986"
ฉะเชิงเทรา,2548,3,นายพงษ์ศักดิ์ เข็มทอง,4,ประชาธิปัตย์,"10,236"
ฉะเชิงเทรา,2548,3,นายสุชาติ ตันเจริญ,9,ไทยรักไทย,"61,571"
ฉะเชิงเทรา,2548,4,นายจักรวาล ท้วมเจริญ,4,ประชาธิปัตย์,"30,439"
ฉะเชิงเทรา,2548,4,นายวุฒิพงศ์ ฉายแสง,9,ไทยรักไทย,"52,671"
ชลบุรี,2548,1,นายเกษม เหลืองอ่อน,1,ชาติไทย,"5,235"
ชลบุรี,2548,1,นายสรัลชา ศรีชลวัฒนา,4,ประชาธิปัตย์,"25,105"
ชลบุรี,2548,1,นายสง่า ธนสงวนวงศ์,9,ไทยรักไทย,"52,900"
ชลบุรี,2548,2,นายสรายุทธ วงษ์แสงทอง,1,ชาติไทย,"7,140"
ชลบุรี,2548,2,นายศักดา นพสิทธิ์,4,ประชาธิปัตย์,"26,899"
ชลบุรี,2548,2,นายอัมรินทร์ ตั้งประกอบ,9,ไทยรักไทย,"40,203"
ชลบุรี,2548,3,นายประมวล เอมเปีย,4,ประชาธิปัตย์,"38,755"
ชลบุรี,2548,3,นายวิทยา คุณปลื้ม,9,ไทยรักไทย,"40,849"
ชลบุรี,2548,4,นายอภินันท์ อมรินทร์,1,ชาติไทย,"2,076"
ชลบุรี,2548,4,นายไชยเฉลิม พิทักษ์ผลิน,4,ประชาธิปัตย์,"25,092"
ชลบุรี,2548,4,นายสุรสิทธิ์ นิติวุฒิวรรักษ์,9,ไทยรักไทย,"46,068"
ชลบุรี,2548,5,นายศรายุทธ โรจนอานนท์,4,ประชาธิปัตย์,"16,175"
ชลบุรี,2548,5,นายอิทธิพล คุณปลื้ม,9,ไทยรักไทย,"57,751"
ชลบุรี,2548,6,นายวิเชียร ตั้งธรรมสถิตย์,1,ชาติไทย,"6,834"
ชลบุรี,2548,6,นายสุไอนี เพียรดี,4,ประชาธิปัตย์,"19,482"
ชลบุรี,2548,6,นายชาญยุทธ เฮงตระกูล,9,ไทยรักไทย,"62,224"
ชลบุรี,2548,6,นายสมชาย ศรีสุนทรโวหาร,10,ความหวังใหม่,430
ชลบุรี,2548,7,นายสามารถ จารุรักษา,1,ชาติไทย,"2,815"
ชลบุรี,2548,7,พลเรือเอกอกนิษฐ์ หมื่นศรี,4,ประชาธิปัตย์,"12,312"
ชลบุรี,2548,7,นายธนาธิป ไกรคุ้ม,5,ประชาชนไทย,680
ชลบุรี,2548,7,พลเรือเอกชัย สุวรรณภาพ,7,ธรรมชาติไทย,"1,404"
ชลบุรี,2548,7,พล.ร.ท.โรช วิภัติภูมิประเทศ,9,ไทยรักไทย,"43,370"
ชลบุรี,2548,7,พลเรือเอกสุรพล จันทร์แดง,11,มหาชน,"11,232"
ชัยนาท,2548,1,พล.อ.อ.เด็ดดวงดอกรัก คุ้มชนะ,1,ชาติไทย,"16,826"
ชัยนาท,2548,1,นายชาติวัฒน์ ชาติกรกุล,4,ประชาธิปัตย์,"8,424"
ชัยนาท,2548,1,นางวันทนี หิรัญปาน,5,ประชาชนไทย,726
ชัยนาท,2548,1,นายอนุชา นาคาศัย,9,ไทยรักไทย,"53,385"
ชัยนาท,2548,1,นายพรหมมินทร์ สีตบุตร,11,มหาชน,"8,742"
ชัยนาท,2548,2,นายมณเฑียร สงฆ์ประชา,1,ชาติไทย,"42,837"
ชัยนาท,2548,2,นางศรัณย์ภรณ์ ทาสิงห์ทอง,5,ประชาชนไทย,181
ชัยนาท,2548,2,นายชัยวัฒน์ ทรัพย์รวงทอง,9,ไทยรักไทย,"46,157"
ชัยนาท,2548,2,นายเฉลิม สุขคะสมบัติ,11,มหาชน,"2,449"
ชัยภูมิ,2548,1,นายบัณฑูรย์ เกียรติก้องชูชัย,1,ชาติไทย,"29,116"
ชัยภูมิ,2548,1,นายนฤทธิ์ ปิงเมือง,4,ประชาธิปัตย์,"1,870"
ชัยภูมิ,2548,1,นายประสิทธิ์ ชัยวิรัตนะ,9,ไทยรักไทย,"42,307"
ชัยภูมิ,2548,1,นายสำฤทธิ์ เล็งวิทยา,11,มหาชน,"2,670"
ชัยภูมิ,2548,2,นายภูมิจิตร พลธรรม,4,ประชาธิปัตย์,678
ชัยภูมิ,2548,2,นายชวลิต มหาจันทร์,9,ไทยรักไทย,"39,822"
ชัยภูมิ,2548,2,นายมานะ โลหะวณิชย์,11,มหาชน,"28,771"
ชัยภูมิ,2548,3,ว่าที่ ร.อ.ปัญญา ชัยรัตนพาณิชย์,1,ชาติไทย,"19,222"
ชัยภูมิ,2548,3,นายประดิษฐ์ ยั้งระหัด,4,ประชาธิปัตย์,"1,682"
ชัยภูมิ,2548,3,นายก่ำชุง ประภากรแก้วรัตน์,9,ไทยรักไทย,"55,918"
ชัยภูมิ,2548,4,นายคชา จำปาทอง,4,ประชาธิปัตย์,"6,527"
ชัยภูมิ,2548,4,นายวุฒิชัย สงวนวงศ์ชัย,9,ไทยรักไทย,"63,017"
ชัยภูมิ,2548,5,นายสมาน อินเปี้ย,1,ชาติไทย,"24,026"
ชัยภูมิ,2548,5,นางพุทธามาศ อินทรารักษ์,4,ประชาธิปัตย์,"2,497"
ชัยภูมิ,2548,5,นายศรคม ฦาชา,9,ไทยรักไทย,"33,678"
ชัยภูมิ,2548,5,นายชัยชาญ จรรย์โกมล,11,มหาชน,"14,454"
ชัยภูมิ,2548,6,ร.ต.วัฒนา แก้วศิริ,1,ชาติไทย,"10,975"
ชัยภูมิ,2548,6,นายชุมพล สังข์ทอง,4,ประชาธิปัตย์,493
ชัยภูมิ,2548,6,น.ส.บังอร ประจวบมอญ,5,ประชาชนไทย,113
ชัยภูมิ,2548,6,นายเจริญ จรรย์โกมล,9,ไทยรักไทย,"39,834"
ชัยภูมิ,2548,6,นายเชวงศักดิ์ เร่งไพบูลย์วงษ์,11,มหาชน,"25,583"
ชัยภูมิ,2548,7,นายวสิษฐ โลห์วีระ,1,ชาติไทย,"1,014"
ชัยภูมิ,2548,7,นายดวงจันทร์ พื้นดอนเค็ง,4,ประชาธิปัตย์,979
ชัยภูมิ,2548,7,นายสุรวิทย์ คนสมบูรณ์,9,ไทยรักไทย,"60,774"
ชัยภูมิ,2548,7,นายอภิสิทธิ์ เวียนวิเศษ,11,มหาชน,"12,090"
ชุมพร,2548,1,นายสุชาติ แก้วนาโพธิ์,1,ชาติไทย,"1,411"
ชุมพร,2548,1,นายศิริศักดิ์ อ่อนละมัย,4,ประชาธิปัตย์,"44,370"
ชุมพร,2548,1,นายธวัช บุรินทร์วัฒนา,9,ไทยรักไทย,"34,151"
ชุมพร,2548,2,นายสุวโรช พะลัง,4,ประชาธิปัตย์,"64,789"
ชุมพร,2548,2,นายสมชาย คุณวุฒิ,9,ไทยรักไทย,"15,716"
ชุมพร,2548,2,นายชาญชัย ชุมเกษียร,11,มหาชน,"7,035"
ชุมพร,2548,2,น.อ.อิษฎา น้อยขาว,15,ชาติประชาธิปไตย,"1,286"
ชุมพร,2548,3,นายจัตุรนต์ คชสีห์,1,ชาติไทย,"5,373"
ชุมพร,2548,3,นายธีระชาติ ปางวิรุฬห์รักษ์,4,ประชาธิปัตย์,"63,036"
ชุมพร,2548,3,นายเฉลิมชัย นิยมไท,9,ไทยรักไทย,"18,002"
เชียงราย,2548,1,นายดวงแก้ว คารินทา,4,ประชาธิปัตย์,"3,893"
เชียงราย,2548,1,นายอติชาติ ศรีประจันทร์,5,ประชาชนไทย,332
เชียงราย,2548,1,นายสามารถ แก้วมีชัย,9,ไทยรักไทย,"53,947"
เชียงราย,2548,1,นายนุกูล วินิจวลัย,11,มหาชน,"13,896"
เชียงราย,2548,2,นายฉัฐวัสส์ มุตตามระ,1,ชาติไทย,"8,208"
เชียงราย,2548,2,นายสุนทร สิทธิยศ,4,ประชาธิปัตย์,"1,723"
เชียงราย,2548,2,นายขันตี ศรีวิสรณ์,6,คนขอปลดหนี้,562
เชียงราย,2548,2,นายสฤษฎ์ อึ้งอภินันท์,9,ไทยรักไทย,"62,264"
เชียงราย,2548,2,นายศาส์นชัย วงค์คำลือ,10,ความหวังใหม่,585
เชียงราย,2548,2,นายวินัย ชัยดรุณ,11,มหาชน,"7,957"
เชียงราย,2548,3,นายกิติพงษ์ นามวงค์,4,ประชาธิปัตย์,"6,987"
เชียงราย,2548,3,นายสุรสิทธิ์ เจียมวิจักษณ์,9,ไทยรักไทย,"49,012"
เชียงราย,2548,3,นายสมเกียรติ เจิมศักดิ์,11,มหาชน,"12,336"
เชียงราย,2548,4,นายธีรพงษ์ เผ่ากา,1,ชาติไทย,"22,423"
เชียงราย,2548,4,นายวิสาร เตชะธีราวัฒน์,9,ไทยรักไทย,"36,602"
เชียงราย,2548,4,นายชำนาญ หาญแก้ว,11,มหาชน,"14,566"
เชียงราย,2548,5,นายดำเนิน วงศ์วุฒิ,1,ชาติไทย,"1,492"
เชียงราย,2548,5,นายเพิ่มวิจักษ์ โสดาวัตร,4,ประชาธิปัตย์,544
เชียงราย,2548,5,นายตันติกร บุญสุระ,6,คนขอปลดหนี้,"2,789"
เชียงราย,2548,5,นายสมบูรณ์ วันไชยธนวงศ์,9,ไทยรักไทย,"38,592"
เชียงราย,2548,5,น.ส.อินทิรา นาทองบ่อ,11,มหาชน,"29,422"
เชียงราย,2548,6,นายนิกร จันทร์หอม,1,ชาติไทย,"1,649"
เชียงราย,2548,6,น.ส.ละออง ติยะไพรัช,9,ไทยรักไทย,"38,367"
เชียงราย,2548,6,นายประสาธน์ รินนายรักษ์,11,มหาชน,"4,626"
เชียงราย,2548,7,นายวิทย์วัส โพธสุธน,1,ชาติไทย,"20,248"
เชียงราย,2548,7,นายสุจินต์ เดชกุล,4,ประชาธิปัตย์,"1,568"
เชียงราย,2548,7,นายอิทธิเดช แก้วหลวง,9,ไทยรักไทย,"35,975"
เชียงราย,2548,7,นายสุรพงษ์ เจริญชัย,11,มหาชน,"1,942"
เชียงราย,2548,8,นายประเสริฐ บุญแก้ว,4,ประชาธิปัตย์,"2,021"
เชียงราย,2548,8,นายกำพล จาววัฒนาสกุล,6,คนขอปลดหนี้,"1,255"
เชียงราย,2548,8,นายบัวสอน ประชามอญ,9,ไทยรักไทย,"50,309"
เชียงราย,2548,8,นายบุญใส คมศักดิ์สถาพร,10,ความหวังใหม่,778
เชียงราย,2548,8,นายชัยศิษย์ แกล้วกล้า,11,มหาชน,"10,459"
เชียงใหม่,2548,1,ร.อ.(ญ)เดือนเต็มดวง ณ เชียงใหม่,4,ประชาธิปัตย์,"35,611"
เชียงใหม่,2548,1,นายสันติภพ สุวรรณเสรี,5,ประชาชนไทย,149
เชียงใหม่,2548,1,นายปกรณ์ บูรณุปกรณ์,9,ไทยรักไทย,"46,312"
เชียงใหม่,2548,1,นายสัญญา ศุกระศร,18,รักษ์ถิ่นไทย,205
เชียงใหม่,2548,2,นายจักรวาล วรรณาวงค์,4,ประชาธิปัตย์,"23,486"
เชียงใหม่,2548,2,นายอุดม สังธรรม,6,คนขอปลดหนี้,"1,359"
เชียงใหม่,2548,2,นายพายัพ ชินวัตร,9,ไทยรักไทย,"64,458"
เชียงใหม่,2548,2,นายชาญชัย รัตนาภรณ์นุกุล,10,ความหวังใหม่,426
เชียงใหม่,2548,2,นายสมศักดิ์ บุญตระกูลพูนทวี,15,ชาติประชาธิปไตย,632
เชียงใหม่,2548,3,นางบุศรา โพธิสุข,1,ชาติไทย,"2,696"
เชียงใหม่,2548,3,นายอุดม วรวัลย์,4,ประชาธิปัตย์,"27,573"
เชียงใหม่,2548,3,นายเทิดศักติ์ ฉัตรคำ,5,ประชาชนไทย,179
เชียงใหม่,2548,3,นางวชิราภรณ์ รัตนบุรี,6,คนขอปลดหนี้,697
เชียงใหม่,2548,3,นายบุญทรง เตริยาภิรมย์,9,ไทยรักไทย,"53,838"
เชียงใหม่,2548,3,นายสวัสดิ์ วงศ์วัจนสุนทร,11,มหาชน,"2,411"
เชียงใหม่,2548,4,นางกิ่งกาญจน์ ณ เชียงใหม่,4,ประชาธิปัตย์,"38,079"
เชียงใหม่,2548,4,นายวิทยา ทรงคำ,9,ไทยรักไทย,"55,747"
เชียงใหม่,2548,4,นางเกรียงไกร พานอ่อง,11,มหาชน,"1,468"
เชียงใหม่,2548,5,นายพงศ์ประยูร ราชอาภัย,4,ประชาธิปัตย์,"26,889"
เชียงใหม่,2548,5,นายพรชัย อรรถปรียางกูร,9,ไทยรักไทย,"69,824"
เชียงใหม่,2548,5,นายเกรียงกมล ศรีมา,10,ความหวังใหม่,"1,007"
เชียงใหม่,2548,5,นายบรรจง ตริโย,11,มหาชน,"2,445"
เชียงใหม่,2548,6,นายศิลปชัย ค้ำชู,4,ประชาธิปัตย์,"7,940"
เชียงใหม่,2548,6,นายพุทธินันท์ คุณธิ,5,ประชาชนไทย,151
เชียงใหม่,2548,6,นายนพคุณ รัฐไผท,9,ไทยรักไทย,"70,670"
เชียงใหม่,2548,6,นายบุญช่วย ภู่จีนาพันธุ์,11,มหาชน,"17,572"
เชียงใหม่,2548,7,นายสมชาย ตั้งสัตยาบัน,1,ชาติไทย,920
เชียงใหม่,2548,7,นายเสน่ห์ สุรินทร์,4,ประชาธิปัตย์,"2,824"
เชียงใหม่,2548,7,นายสุรพล เกียรติไชยากร,9,ไทยรักไทย,"47,865"
เชียงใหม่,2548,7,นายณรงค์ ภู่อิทธิวงศ์,11,มหาชน,"35,744"
เชียงใหม่,2548,7,นายพรชัย พรประทีปกุล,15,ชาติประชาธิปไตย,714
เชียงใหม่,2548,8,นายชัยเชียร สมพรโชคชัย,1,ชาติไทย,"5,955"
เชียงใหม่,2548,8,นายศุภชัย นิมมานเหมินทร์,4,ประชาธิปัตย์,"5,303"
เชียงใหม่,2548,8,นายพัฒนะ มงคลพันธ์,5,ประชาชนไทย,353
เชียงใหม่,2548,8,นายปฐม หล้าพระบาง,6,คนขอปลดหนี้,"7,256"
เชียงใหม่,2548,8,นางผณินทรา ภัคเกษม,9,ไทยรักไทย,"41,088"
เชียงใหม่,2548,8,นายนรพล ตันติมนตรี,11,มหาชน,"11,479"
เชียงใหม่,2548,9,นายยงยุทธ สุวภาพ,4,ประชาธิปัตย์,"18,655"
เชียงใหม่,2548,9,นายสุศักดิ์ ดาวเงิน,6,คนขอปลดหนี้,"2,581"
เชียงใหม่,2548,9,นายจุลพันธ์ อมรวิวัฒน์,9,ไทยรักไทย,"37,840"
เชียงใหม่,2548,9,นายธรทัศน์ กันธรส,10,ความหวังใหม่,207
เชียงใหม่,2548,9,นายชวลิต ตามรักษา,11,มหาชน,732
เชียงใหม่,2548,10,นายประสิทธ์ วุฒินันชัย,4,ประชาธิปัตย์,"29,874"
เชียงใหม่,2548,10,นายพิตร เอกอมร,5,ประชาชนไทย,253
เชียงใหม่,2548,10,นายพารักษ์ เขื่อนเพชร,6,คนขอปลดหนี้,"1,578"
เชียงใหม่,2548,10,นายสันติ ตันสุหัช,9,ไทยรักไทย,"36,800"
ตรัง,2548,1,นายสุวรรณ กู้สุจริต,4,ประชาธิปัตย์,"60,121"
ตรัง,2548,1,นายไกรสิน โตทับเที่ยง,9,ไทยรักไทย,"18,430"
ตรัง,2548,2,นายสาทิตย์ วงศ์หนองเตย,4,ประชาธิปัตย์,"61,035"
ตรัง,2548,2,นายธวัช สุระบาล,9,ไทยรักไทย,"20,267"
ตรัง,2548,3,นายสมชาย โล่สถาพรพิพิธ,4,ประชาธิปัตย์,"63,366"
ตรัง,2548,3,นายศุภชัย ใจสมุทร,9,ไทยรักไทย,"12,549"
ตรัง,2548,4,นายสมคิด สังขมณี,1,ชาติไทย,"2,396"
ตรัง,2548,4,นายสมบูรณ์ อุทัยเวียนกุล,4,ประชาธิปัตย์,"59,752"
ตรัง,2548,4,นายพีรพนธ์ ลังเมือง,9,ไทยรักไทย,"16,421"
ตรัง,2548,4,นายรัตนศักดิ์ นันตสินธุ์,10,ความหวังใหม่,"1,636"
ตราด,2548,1,นายวันชัย ประสพวิริยะ,1,ชาติไทย,921
ตราด,2548,1,นายธีระ สลักเพชร,4,ประชาธิปัตย์,"55,731"
ตราด,2548,1,นายสิงหา สง่าศิลป์,9,ไทยรักไทย,"47,491"
ตราด,2548,1,นายวีระชัย จูห้อง,11,มหาชน,994
ตาก,2548,1,นายดิเรก จิโน,4,ประชาธิปัตย์,"32,914"
ตาก,2548,1,นายวิรัติ เบื้ยแก้ว,6,คนขอปลดหนี้,"2,714"
ตาก,2548,1,นายธนัสถ์ ทวีเกื้อกูลกิจ,9,ไทยรักไทย,"40,588"
ตาก,2548,2,นายชัยวุฒิ บรรณวัฒน์,4,ประชาธิปัตย์,"40,374"
ตาก,2548,2,นายชำนาญ สันติพนารักษ์,9,ไทยรักไทย,"25,062"
ตาก,2548,3,นายทิพย์ ฤาชัยตระกูล,1,ชาติไทย,"4,935"
ตาก,2548,3,นายธนิตพล ไชยนันทน์,4,ประชาธิปัตย์,"24,691"
ตาก,2548,3,น.ส.อรมรัตน์ เสมรสุต,6,คนขอปลดหนี้,678
ตาก,2548,3,นางสุกัลยา โชคบำรุง,9,ไทยรักไทย,"23,876"
นครนายก,2548,1,นายวิรัตน อิงตระกูล,1,ชาติไทย,"2,771"
นครนายก,2548,1,นายวิกิจ อิสระเสนารักษ์,4,ประชาธิปัตย์,"24,923"
นครนายก,2548,1,นายสิทธิชัย กิตติธเนศวร,9,ไทยรักไทย,"37,600"
นครนายก,2548,2,นายจักรพันธ์ จินตนาพากานนท์,1,ชาติไทย,811
นครนายก,2548,2,นายสำเนา โหนา,4,ประชาธิปัตย์,"18,503"
นครนายก,2548,2,น.ส.อรทัย จันทสิง,5,ประชาชนไทย,456
นครนายก,2548,2,นายวุฒิชัย กิตติธเนศวร,9,ไทยรักไทย,"39,038"
นครนายก,2548,2,นายณรงค์ พรหมเกตุ,11,มหาชน,"6,385"
นครปฐม,2548,1,นายสมพัฒน์ แก้วพิจิตร,1,ชาติไทย,"52,950"
นครปฐม,2548,1,นายสุรยุทธ นิยมทรัพย์,4,ประชาธิปัตย์,"5,899"
นครปฐม,2548,1,นายประสานต์ บุญมี,9,ไทยรักไทย,"20,935"
นครปฐม,2548,2,นายสุรชัย เติมคุณานนท์,1,ชาติไทย,"24,981"
นครปฐม,2548,2,ร.อ.ถิรายุ นิยมทรัพย์,4,ประชาธิปัตย์,"13,065"
นครปฐม,2548,2,นายชาญชัย ปทุมารักษ์,9,ไทยรักไทย,"43,780"
นครปฐม,2548,3,นายพรศักดิ์ เปี่ยมคล้า,1,ชาติไทย,"24,171"
นครปฐม,2548,3,นายสกลภัทร เหมือนจันทร์เชย,4,ประชาธิปัตย์,"5,590"
นครปฐม,2548,3,นายไชยยศ บุญยะรัตน์,6,คนขอปลดหนี้,332
นครปฐม,2548,3,นายก่อเกียรติ สิริยะเสถียร,9,ไทยรักไทย,"49,674"
นครปฐม,2548,3,นายปิติพงษ์ ไทยโพธิ์ศรี,11,มหาชน,"5,059"
นครปฐม,2548,4,นายปฐมพงศ์ สูญจันทร์,1,ชาติไทย,"31,180"
นครปฐม,2548,4,นายสุเทพ เข้มแข็งปรีชานนท์,4,ประชาธิปัตย์,"14,541"
นครปฐม,2548,4,นายไชยา สะสมทรัพย์,9,ไทยรักไทย,"41,512"
นครปฐม,2548,5,พ.ต.ท.ชวัส (วีระ) ชื่นกลิ่นธูป,4,ประชาธิปัตย์,"38,282"
นครปฐม,2548,5,นางอารียา สุขกนิษฐ,5,ประชาชนไทย,945
นครปฐม,2548,5,นายเผดิมชัย สะสมทรัพย์,9,ไทยรักไทย,"51,389"
นครพนม,2548,1,นายประเสริฐ พฤกพัฒนาชัย,1,ชาติไทย,412
นครพนม,2548,1,นายสิงหราช สิทธิรัตน์ ณ นครพนม,4,ประชาธิปัตย์,427
นครพนม,2548,1,นายชุมพล ดวงขำ,6,คนขอปลดหนี้,592
นครพนม,2548,1,นายชวลิต วิชยสุทธิ์,9,ไทยรักไทย,"33,324"
นครพนม,2548,1,นายจีระศักดิ์ พูลศิริกุล,11,มหาชน,"17,002"
นครพนม,2548,2,นายสุรจิตร พลโลก,1,ชาติไทย,"18,450"
นครพนม,2548,2,นางรัณญ์ชิดา ปัญญารมย์,4,ประชาธิปัตย์,620
นครพนม,2548,2,ว่าที่ ร.ต.เกษมศรี บัวเลิง,5,ประชาชนไทย,366
นครพนม,2548,2,นายกรัณฑ์ โกพลรัตน์,6,คนขอปลดหนี้,"1,153"
นครพนม,2548,2,นายไพจิต ศรีวรขาน,9,ไทยรักไทย,"38,445"
นครพนม,2548,2,นายนารายณ์ ไชยมาตย์,10,ความหวังใหม่,734
นครพนม,2548,2,นางเพ็ญพันธุ์ วงศ์มาลาสิทธิ์,11,มหาชน,665
นครพนม,2548,2,นายโยธิน ไชยธงยศ,21,เกษตรกรไทย,77
นครพนม,2548,3,นายณฐพล อนุวรรณ,1,ชาติไทย,"11,782"
นครพนม,2548,3,นายเสกศักดิ์ วัฒนสุขชัย,4,ประชาธิปัตย์,597
นครพนม,2548,3,นายประสงค์ บูรณ์พงศ์,9,ไทยรักไทย,"26,955"
นครพนม,2548,3,นายโกศล เหมพลชม,10,ความหวังใหม่,"7,879"
นครพนม,2548,3,นายวัชรินทร์ เจียวิริยบุญญา,11,มหาชน,"8,618"
นครพนม,2548,4,น.ส.สุมาลี พูลศิริกุล,1,ชาติไทย,"22,748"
นครพนม,2548,4,นายปองปรีดา วันนาพ่อ,3,พัฒนาชาติไทย,176
นครพนม,2548,4,น.ส.ศิริรัตน์ สุภา,4,ประชาธิปัตย์,375
นครพนม,2548,4,นางวลัยพร ศรียะวงษ์,5,ประชาชนไทย,426
นครพนม,2548,4,นายเมธ์ ปุ่มเป้า,6,คนขอปลดหนี้,"3,246"
นครพนม,2548,4,นายอรรถสิทธิ์ (คันคาย) ทรัพยสิทธิ์,9,ไทยรักไทย,"30,549"
นครพนม,2548,4,นายจีรวัฒน์ ตุลาพัฒน์,11,มหาชน,"1,859"
นครพนม,2548,5,นายภูมินทร์ วรรณวงศ์,1,ชาติไทย,"2,132"
นครพนม,2548,5,นายมานะ รมย์สูงเนิน,4,ประชาธิปัตย์,588
นครพนม,2548,5,นายบุรินทร์ ไชยสุโพธิ์,6,คนขอปลดหนี้,"1,178"
นครพนม,2548,5,นายศุภชัย โพธิ์สุ,9,ไทยรักไทย,"50,982"
นครพนม,2548,5,ร.ต.อ.ธนภูมิ นันทสุรีย์อารักษ์,10,ความหวังใหม่,503
นครพนม,2548,5,นายสากล พูลศิริกุล,11,มหาชน,"7,599"
นครราชสีมา,2548,1,น.ส.จิดาภา อุไรธรากุล,1,ชาติไทย,"3,224"
นครราชสีมา,2548,1,นายอดิศร เนาวนนท์,4,ประชาธิปัตย์,"13,460"
นครราชสีมา,2548,1,นายเทวัญ ลิปตพัลลภ,9,ไทยรักไทย,"45,271"
นครราชสีมา,2548,1,จ.ส.อ.อนุกูล เชิดพุดซา,10,ความหวังใหม่,255
นครราชสีมา,2548,1,นายประพัทธพงศ์ พราหมณี,11,มหาชน,"13,914"
นครราชสีมา,2548,2,นางวสุ วศินชุติวัต,4,ประชาธิปัตย์,"8,444"
นครราชสีมา,2548,2,นายวรรณรัตน์ ชาญนุกูล,9,ไทยรักไทย,"70,834"
นครราชสีมา,2548,2,นายรุ่งโรจน์ วรชมพู,11,มหาชน,"10,749"
นครราชสีมา,2548,3,น.ส.รัชดาพร อุไรธรากุล,1,ชาติไทย,"6,022"
นครราชสีมา,2548,3,นายธนภัทร มงคลจิตร,4,ประชาธิปัตย์,"7,059"
นครราชสีมา,2548,3,นายประเสริฐ บุญชัยสุข,9,ไทยรักไทย,"68,229"
นครราชสีมา,2548,3,นายเด่นชัย ศรีจักรโคตร,10,ความหวังใหม่,226
นครราชสีมา,2548,3,นางรักษ์ฤทัย อุดมรัตนะศิลป์,11,มหาชน,"4,139"
นครราชสีมา,2548,4,นายประพิศ นวมโคกสูง,1,ชาติไทย,"2,992"
นครราชสีมา,2548,4,นายลัดทา ชนะภัย,4,ประชาธิปัตย์,"14,938"
นครราชสีมา,2548,4,นายอุทัย มิ่งขวัญ,9,ไทยรักไทย,"37,722"
นครราชสีมา,2548,4,พ.ต.อ.ณัฐ อรรถกวิน,11,มหาชน,"12,260"
นครราชสีมา,2548,5,ว่าที่ ร.ต.ดาวรุ่ง วัชรินทร์รัตน์,1,ชาติไทย,"2,028"
นครราชสีมา,2548,5,นายจรัญ เสาวกุล,4,ประชาธิปัตย์,"1,213"
นครราชสีมา,2548,5,นางพิชญ์สินี มุ่งฝากกลาง กิตติรักษกุล,9,ไทยรักไทย,"39,647"
นครราชสีมา,2548,5,นางทัศนียา รัตนเศรษฐ,11,มหาชน,"39,957"
นครราชสีมา,2548,6,นายสิทธิชัย เจริญใจ,4,ประชาธิปัตย์,"1,546"
นครราชสีมา,2548,6,นายวัชรา ณ วังขนาย,9,ไทยรักไทย,"52,402"
นครราชสีมา,2548,6,นายนาวี ศรีนุชศาสตร์,11,มหาชน,"31,994"
นครราชสีมา,2548,7,นายภิรมย์ พลวิเศษ,1,ชาติไทย,"21,193"
นครราชสีมา,2548,7,นายธรรมศักดิ์ ไสยราม,4,ประชาธิปัตย์,"1,780"
นครราชสีมา,2548,7,นายพงษ์พิช รุ่งเป้า,9,ไทยรักไทย,"52,901"
นครราชสีมา,2548,7,นายสมบูรณ์ สุขเพรียบพร้อม,11,มหาชน,"6,718"
นครราชสีมา,2548,8,เรือเอกศิริเกษ กุลประเสริฐ,1,ชาติไทย,"6,817"
นครราชสีมา,2548,8,นายประชาธิปไตย คำสิงห์นอก,9,ไทยรักไทย,"46,615"
นครราชสีมา,2548,8,นายสุทธิชัย ลาภยิ่งยง,11,มหาชน,"8,396"
นครราชสีมา,2548,9,นายจิรยุทธ บุญแต่ง,1,ชาติไทย,"2,157"
นครราชสีมา,2548,9,นายวันชัย นงค์สูงเนิน,4,ประชาธิปัตย์,"11,018"
นครราชสีมา,2548,9,นายสมศักดิ์ โสมกลาง,9,ไทยรักไทย,"35,126"
นครราชสีมา,2548,9,นายประพัฒน์ วิเศษจินดาวัฒน์,11,มหาชน,"13,125"
นครราชสีมา,2548,9,จ.ส.อ.สุรศักดิ์ พร้อมจะบก,15,ชาติประชาธิปไตย,263
นครราชสีมา,2548,10,นายสิทธิพงษ์ ระหาญนอก,4,ประชาธิปัตย์,960
นครราชสีมา,2548,10,ว่าที่ ร.ต.ไพโรจน์ สุวรรณฉวี,9,ไทยรักไทย,"52,941"
นครราชสีมา,2548,10,นายบุญช่วย วัฒนานันทวิไล,11,มหาชน,"13,711"
นครราชสีมา,2548,11,นางกาญจนา บุญมีศิริทิพงศ์,4,ประชาธิปัตย์,"1,483"
นครราชสีมา,2548,11,นายบุญจง วงศ์ไตรรัตน์,9,ไทยรักไทย,"56,903"
นครราชสีมา,2548,11,นายมีชัย จิตต์พิพัฒน์,11,มหาชน,"32,933"
นครราชสีมา,2548,12,นายธีรพล รัตนประยูร,1,ชาติไทย,"1,003"
นครราชสีมา,2548,12,นายสายัณห์ สำนักโนน,4,ประชาธิปัตย์,"2,562"
นครราชสีมา,2548,12,นายสุภรณ์ อัตถาวงศ์,9,ไทยรักไทย,"57,152"
นครราชสีมา,2548,12,นายฉัตรบรรจง เพ็ชรจีนพะเนา,10,ความหวังใหม่,383
นครราชสีมา,2548,12,พ.ต.ท.ปฏิวัติ นาคำ,11,มหาชน,"18,390"
นครราชสีมา,2548,13,นายสมศักดิ์ กุลละวณิชย์,1,ชาติไทย,"5,643"
นครราชสีมา,2548,13,นายสมบุญ วัชรเมฆินทร์,4,ประชาธิปัตย์,"8,659"
นครราชสีมา,2548,13,นายสมศักดิ์ พันธ์เกษม,9,ไทยรักไทย,"59,920"
นครราชสีมา,2548,13,นายสมศักดิ์ ฉิ่งสระน้อย,11,มหาชน,"5,339"
นครราชสีมา,2548,14,ดร.ศรีสุดา เลิศยิ่งเจริญชัย,4,ประชาธิปัตย์,"10,585"
นครราชสีมา,2548,14,นายภูมิศาสตร์ บุญมา,5,ประชาชนไทย,451
นครราชสีมา,2548,14,พ.ต.ท.สมชาย เพศประเสริฐ,9,ไทยรักไทย,"69,753"
นครราชสีมา,2548,14,นายเวสารัช สุดเดือน,11,มหาชน,"5,101"
นครราชสีมา,2548,15,นายบุญยงค์ จันทร์แสง,1,ชาติไทย,718
นครราชสีมา,2548,15,นายสมบูรณ์ จีระมะกร,4,ประชาธิปัตย์,"2,750"
นครราชสีมา,2548,15,นายประเสริฐ จันทรรวงทอง,9,ไทยรักไทย,"45,214"
นครราชสีมา,2548,15,นายสาธิต ด่านกุล,11,มหาชน,"7,410"
นครราชสีมา,2548,16,นางดารา เกตกะโกมล,4,ประชาธิปัตย์,"2,047"
นครราชสีมา,2548,16,นายวิสิทธิ์ พิทยาภรณ์,9,ไทยรักไทย,"55,665"
นครราชสีมา,2548,16,นายบุญเลิศ ครุฑขุนทด,11,มหาชน,"17,324"
นครศรีธรรมราช,2548,1,นายสุรินทร์ พิศสุวรรณ,4,ประชาธิปัตย์,"39,915"
นครศรีธรรมราช,2548,1,นายกณพ เกตุชาติ,9,ไทยรักไทย,"29,629"
นครศรีธรรมราช,2548,1,นายสุธรรม จันทร์แก้ว,10,ความหวังใหม่,100
นครศรีธรรมราช,2548,1,นายประดิษฐ์ ทองคณารักษ์,11,มหาชน,105
นครศรีธรรมราช,2548,2,นายสุรเชษฐ์ มาศดิตถ์,4,ประชาธิปัตย์,"51,795"
นครศรีธรรมราช,2548,2,นายอิสระ หัสดินทร์,9,ไทยรักไทย,"14,877"
นครศรีธรรมราช,2548,2,นายวันประทีป วาระเพียง,11,มหาชน,"7,584"
นครศรีธรรมราช,2548,3,น.ส.นริศา อดิเทพวรพันธุ์,4,ประชาธิปัตย์,"51,257"
นครศรีธรรมราช,2548,3,นายนัฎฐ์ประชา เกื้อสกุล,9,ไทยรักไทย,"19,385"
นครศรีธรรมราช,2548,4,พ.ต.ต.วัตรภู อาจหาญ,1,ชาติไทย,"6,037"
นครศรีธรรมราช,2548,4,นายมาโนชญ์ วิชัยกุล,4,ประชาธิปัตย์,"45,094"
นครศรีธรรมราช,2548,4,นายณัฐวุฒิ ใสยเกื้อ,9,ไทยรักไทย,"27,870"
นครศรีธรรมราช,2548,5,นายชยุตม์ ลิ้มประสิทธิ์วงศ์,1,ชาติไทย,841
นครศรีธรรมราช,2548,5,นายชินวรณ์ บุณยเกียรติ,4,ประชาธิปัตย์,"60,779"
นครศรีธรรมราช,2548,5,นางวีรวรรณ จงจิตรศิริจิรกาล,9,ไทยรักไทย,"14,107"
นครศรีธรรมราช,2548,5,นายกิตติ วุธรา,11,มหาชน,"2,871"
นครศรีธรรมราช,2548,6,นายเทพไท เสนพงศ์,4,ประชาธิปัตย์,"61,470"
นครศรีธรรมราช,2548,6,นายอารีย์ พลรัฐธนาสิทธิ์,9,ไทยรักไทย,"19,995"
นครศรีธรรมราช,2548,6,นางสุชิลา สุขเรือง,10,ความหวังใหม่,198
นครศรีธรรมราช,2548,7,นายวีระศักดิ์ อนุเคราะห์กุล,1,ชาติไทย,"1,125"
นครศรีธรรมราช,2548,7,นายประกอบ รัตนพันธ์,4,ประชาธิปัตย์,"50,849"
นครศรีธรรมราช,2548,7,นายวิทูร กรุณา,9,ไทยรักไทย,"22,825"
นครศรีธรรมราช,2548,8,นายอภิชาต ศักดิเศรษฐ์,4,ประชาธิปัตย์,"51,389"
นครศรีธรรมราช,2548,8,นายอาคม สุวรรณนพ,9,ไทยรักไทย,"11,787"
นครศรีธรรมราช,2548,9,นายชนะวัฒน์ ษารักษ์,1,ชาติไทย,"3,045"
นครศรีธรรมราช,2548,9,นายอภิชาต การิกาญจน์,4,ประชาธิปัตย์,"41,141"
นครศรีธรรมราช,2548,9,นายชัยพร ชัยฤทธิ์,5,ประชาชนไทย,614
นครศรีธรรมราช,2548,9,นายบุญเรือง วุฒิวงศ์,9,ไทยรักไทย,"9,030"
นครศรีธรรมราช,2548,9,นายประกอบ คงพรหม,11,มหาชน,"10,602"
นครศรีธรรมราช,2548,10,นายวิทยา แก้วภราดัย,4,ประชาธิปัตย์,"46,565"
นครศรีธรรมราช,2548,10,นายเร็วจริง รัตนวิชา,9,ไทยรักไทย,"7,900"
นครศรีธรรมราช,2548,10,นายเกริก เศวตสกุลานนท์,10,ความหวังใหม่,133
นครศรีธรรมราช,2548,10,นายสุณัณฐ์ พัชรครุกานนท์,11,มหาชน,"4,816"
นครสวรรค์,2548,1,พ.ต.อ.วีระศักติ์ ชลายนคุปต์,1,ชาติไทย,"16,079"
นครสวรรค์,2548,1,นายสงกรานต์ จิตสุทธิภากร,4,ประชาธิปัตย์,"23,169"
นครสวรรค์,2548,1,นายสมชัย เจริญชัยฤทธิ์,9,ไทยรักไทย,"38,173"
นครสวรรค์,2548,1,นายกิติพงศ์ ภู่โพธิ์,10,ความหวังใหม่,185
นครสวรรค์,2548,1,นายวีรยุทธ เจิดนภาพันธ์,11,มหาชน,"1,613"
นครสวรรค์,2548,1,นายนเรศ อยู่สนิท,17,ทางเลือกที่สาม,225
นครสวรรค์,2548,2,นายรพีภัทร องค์วิศิษฐ์,1,ชาติไทย,"2,633"
นครสวรรค์,2548,2,นายสมบัติ เสมือนโพธิ์,4,ประชาธิปัตย์,"7,288"
นครสวรรค์,2548,2,นายเกษม ปานอุดมลักษณ์,9,ไทยรักไทย,"57,717"
นครสวรรค์,2548,2,นายปัญญา คล้ายแจ้ง,11,มหาชน,"4,380"
นครสวรรค์,2548,3,ร.ต.ท.สุรัตน์ชัย เฉลยคาม,1,ชาติไทย,"2,060"
นครสวรรค์,2548,3,นายสมควร โอบอ้อม,4,ประชาธิปัตย์,"30,749"
นครสวรรค์,2548,3,นายวีระกร คำประกอบ,9,ไทยรักไทย,"43,372"
นครสวรรค์,2548,4,น.ส.สุภัตรา วิมลสมบัติ,1,ชาติไทย,"28,723"
นครสวรรค์,2548,4,นายสันตสิริ อินทรสูต,4,ประชาธิปัตย์,"3,640"
นครสวรรค์,2548,4,นายสัญชัย วงษ์สุนทร,9,ไทยรักไทย,"44,235"
นครสวรรค์,2548,4,นายพิชญธร รอดบำรุง,11,มหาชน,942
นครสวรรค์,2548,5,นายพีระเดช ศิริวันสาณฑ์,1,ชาติไทย,"35,029"
นครสวรรค์,2548,5,นายชาญ สร้อยจำปา,4,ประชาธิปัตย์,"1,883"
นครสวรรค์,2548,5,นายเมธี ฉัตรจินดารัตน์,9,ไทยรักไทย,"43,026"
นครสวรรค์,2548,6,นายพรพิศิษฐ์ แจ่มใส,1,ชาติไทย,"26,738"
นครสวรรค์,2548,6,จ.ต.วิริยะ วรรณทอง,4,ประชาธิปัตย์,"3,375"
นครสวรรค์,2548,6,พ.ต.ท.บรรยิน ตั้งภากรณ์,9,ไทยรักไทย,"37,605"
นครสวรรค์,2548,7,นายประสาท ตันประเสริฐ,1,ชาติไทย,"29,289"
นครสวรรค์,2548,7,นายสำรอง เยี่ยงยงค์,4,ประชาธิปัตย์,"5,349"
นครสวรรค์,2548,7,นายนิโรธ สุนทรเลขา,9,ไทยรักไทย,"34,496"
นครสวรรค์,2548,7,นายเสรี มูลมณี,11,มหาชน,"1,140"
นนทบุรี,2548,1,นายประกอบ สังข์โต,4,ประชาธิปัตย์,"22,879"
นนทบุรี,2548,1,นายนิทัศน์ ศรีนนท์,9,ไทยรักไทย,"40,824"
นนทบุรี,2548,1,นายเอกวัฒน์ หอมเศรษฐี,11,มหาชน,"5,272"
นนทบุรี,2548,2,นายชายน้อย จอนแจ้ง,4,ประชาธิปัตย์,"30,006"
นนทบุรี,2548,2,นายอุดมเดช รัตนเสถียร,9,ไทยรักไทย,"47,291"
นนทบุรี,2548,2,นายวุฒิ อัศวนิโครธร,11,มหาชน,"2,071"
นนทบุรี,2548,3,นายวิภาส สุชาติล้ำพงศ์,4,ประชาธิปัตย์,"35,907"
นนทบุรี,2548,3,นางพิมพา จันทร์ประสงค์,9,ไทยรักไทย,"48,318"
นนทบุรี,2548,3,นายประจญ ไทรเมือง,11,มหาชน,"1,523"
นนทบุรี,2548,4,นายทศพล เพ็งส้ม,4,ประชาธิปัตย์,"29,378"
นนทบุรี,2548,4,ดร.สุธรรม เลิศพงษ์ประเสริฐ,7,ธรรมชาติไทย,359
นนทบุรี,2548,4,พ.อ.ดร.อภิวันท์ วิริยะชัย,9,ไทยรักไทย,"50,739"
นนทบุรี,2548,4,นายอุทัยสิทธิ์ ตรีบุญเมือง,11,มหาชน,"1,662"
นนทบุรี,2548,5,นายสมบัติ สิทธิกรวงศ์,4,ประชาธิปัตย์,"22,866"
นนทบุรี,2548,5,นายสุชาติ บรรดาศักดิ์,9,ไทยรักไทย,"46,685"
นนทบุรี,2548,5,นายอภิศักดิ์ ลี้กุลเจริญ,11,มหาชน,"12,382"
นนทบุรี,2548,6,นายยงยุทธ แก้วน้อย,1,ชาติไทย,"4,675"
นนทบุรี,2548,6,นายธรรมธัชม์ เจนเจริญรุ่งโรจน์,4,ประชาธิปัตย์,"17,412"
นนทบุรี,2548,6,พลตรีเศก ทองไถ้ผา,7,ธรรมชาติไทย,710
นนทบุรี,2548,6,นายฉลอง เรี่ยวแรง,9,ไทยรักไทย,"52,045"
นนทบุรี,2548,6,นายสงกรานต์ อัจฉริยะทรัพย์,11,มหาชน,"1,456"
นนทบุรี,2548,6,นายธเนศ สอนสิทธิ์,17,ทางเลือกที่สาม,252
นราธิวาส,2548,1,นายอรรถพล มามะ,1,ชาติไทย,"5,587"
นราธิวาส,2548,1,นายเจะอามิง โตะตาหยง,4,ประชาธิปัตย์,"33,927"
นราธิวาส,2548,1,นางพรพิชญ์ พัฒนกุลเลิศ,9,ไทยรักไทย,"16,329"
นราธิวาส,2548,1,นายพิศิษฐ ฉายศิริ,10,ความหวังใหม่,"3,442"
นราธิวาส,2548,1,นายวาร์มูฮำหมัด บินแวดาโอะ,11,มหาชน,"13,488"
นราธิวาส,2548,2,นายอับดุลอาซิ หามะ,1,ชาติไทย,"6,656"
นราธิวาส,2548,2,นายสุรเชษฐ์ แวอาแซ,4,ประชาธิปัตย์,"36,653"
นราธิวาส,2548,2,น.ส.แวนูรีซัน แวนามะ,5,ประชาชนไทย,897
นราธิวาส,2548,2,นายสมรรถ วาหลง,9,ไทยรักไทย,"24,717"
นราธิวาส,2548,2,นายสิทธิเดช สนิทสำนาน,11,มหาชน,"1,462"
นราธิวาส,2548,3,นายกูเฮง ยาวอหะซัน,1,ชาติไทย,"23,858"
นราธิวาส,2548,3,นายแวฮามะ บากา,4,ประชาธิปัตย์,"21,717"
นราธิวาส,2548,3,นายรอมือลี มะลี,5,ประชาชนไทย,383
นราธิวาส,2548,3,นายนัจมุดดีน อูมา,9,ไทยรักไทย,"22,189"
นราธิวาส,2548,3,นายมุสลิม บากา,10,ความหวังใหม่,326
นราธิวาส,2548,3,นายตายูดิน อุสมาน,11,มหาชน,"2,784"
นราธิวาส,2548,4,นายมาหะมะตอยี ละเลง,1,ชาติไทย,"3,284"
นราธิวาส,2548,4,นายอดุลย์ สาฮีบาตู,4,ประชาธิปัตย์,"39,497"
นราธิวาส,2548,4,นายสอุดี ภูมิบุตร,9,ไทยรักไทย,"22,801"
นราธิวาส,2548,4,นายมาหะมะนารอด๊ะ ขะ,10,ความหวังใหม่,"1,105"
นราธิวาส,2548,4,นายอาหะมะรูซี เจ๊ะคอ,11,มหาชน,"10,714"
น่าน,2548,1,นางสุกัญญา ณ ลำพูน,4,ประชาธิปัตย์,"18,595"
น่าน,2548,1,นายชูพงษ์ รัตนตานนท์,6,คนขอปลดหนี้,"1,674"
น่าน,2548,1,นางสิรินทร รามสูต,9,ไทยรักไทย,"46,809"
น่าน,2548,1,น.ส.มยุรี วรรณสกุลเจริญ,10,ความหวังใหม่,"2,679"
น่าน,2548,1,นายดุสิต เต็งไตรรัตน์,11,มหาชน,"10,232"
น่าน,2548,2,นายชัยวุฒิ คูอาริยะกุล,1,ชาติไทย,"16,299"
น่าน,2548,2,นายธเนศ ตาชม,4,ประชาธิปัตย์,"2,364"
น่าน,2548,2,นายประดิษฐ์ พิเคราะห์,6,คนขอปลดหนี้,"1,508"
น่าน,2548,2,นายชลน่าน ศรีแก้ว,9,ไทยรักไทย,"53,335"
น่าน,2548,2,นายปฏิวัส ธนะไพศาล,11,มหาชน,"7,561"
น่าน,2548,3,พลโทเชิดชัย สร้อยทอง,1,ชาติไทย,"3,445"
น่าน,2548,3,นายตะวัน สวนนันท์,4,ประชาธิปัตย์,"13,055"
น่าน,2548,3,พ.ต.ต.จักรวาล แสนสุข,6,คนขอปลดหนี้,"4,578"
น่าน,2548,3,นายวัลลภ สุปริยศิลป์,9,ไทยรักไทย,"35,802"
น่าน,2548,3,นายอาณัติ จริยโกมล,11,มหาชน,"11,290"
บุรีรัมย์,2548,1,นางนาตยา สุขเกษม,1,ชาติไทย,"9,105"
บุรีรัมย์,2548,1,นายจารุพงศ์ สมอารยพงศ์,4,ประชาธิปัตย์,"7,751"
บุรีรัมย์,2548,1,นายประสิทธิ์ ตั้งศรีเกียรติกุล,9,ไทยรักไทย,"49,835"
บุรีรัมย์,2548,1,นายประเสริฐ เลิศยะโส,11,มหาชน,"2,689"
บุรีรัมย์,2548,2,นายธีรวัฒน์ ฉัพพรรณรังสี,1,ชาติไทย,"1,748"
บุรีรัมย์,2548,2,นายชูเกียรติ วิสูตรตระการ,4,ประชาธิปัตย์,"4,814"
บุรีรัมย์,2548,2,นางวารุณีพร เพ็งประโคน,5,ประชาชนไทย,574
บุรีรัมย์,2548,2,นางกรุณา ชิดชอบ,9,ไทยรักไทย,"57,264"
บุรีรัมย์,2548,2,นายอนุชิต ดิษฐประสพ,21,รักษ์แผ่นดินไทย,305
บุรีรัมย์,2548,3,นายวีระยุทธ พะโรงรัมย์,4,ประชาธิปัตย์,"1,585"
บุรีรัมย์,2548,3,นายประดิษฐ์ แสนทวีสุข,5,ประชาชนไทย,324
บุรีรัมย์,2548,3,นายศักดิ์สยาม ชิดชอบ,9,ไทยรักไทย,"59,336"
บุรีรัมย์,2548,3,ว่าที่ ร.ต.เสนาะ พรมสวัสดิ์,11,มหาชน,"4,763"
บุรีรัมย์,2548,4,นายรังสิกร ทิมาตฤกะ,1,ชาติไทย,"26,749"
บุรีรัมย์,2548,4,นายสุรศักดิ์ นาคดี,9,ไทยรักไทย,"37,295"
บุรีรัมย์,2548,4,นายชูศักดิ์ พนมสินธุ์,10,ความหวังใหม่,204
บุรีรัมย์,2548,4,นายกฤศ อุปจันทร์,11,มหาชน,"2,553"
บุรีรัมย์,2548,5,นายปณวัตร เลี้ยงผ่องพันธ์,1,ชาติไทย,"33,618"
บุรีรัมย์,2548,5,นายมนูญ มนูขจร,4,ประชาธิปัตย์,"1,048"
บุรีรัมย์,2548,5,นายพีระพงษ์ เฮงสวัสดิ์,9,ไทยรักไทย,"34,169"
บุรีรัมย์,2548,5,นายวุฒิพงษ์ เหลืองอุดมชัย,11,มหาชน,408
บุรีรัมย์,2548,6,นายสหภพ เลี้ยงผ่องพันธ์,1,ชาติไทย,"17,072"
บุรีรัมย์,2548,6,นายนพรัตน์ ฉิมรัมย์,4,ประชาธิปัตย์,"2,562"
บุรีรัมย์,2548,6,นายโสภณ ซารัมย์,9,ไทยรักไทย,"46,197"
บุรีรัมย์,2548,6,นายปริวัชร มณีเติม,10,ความหวังใหม่,413
บุรีรัมย์,2548,6,นายประกิต ประดับพงษา,11,มหาชน,426
บุรีรัมย์,2548,6,นายสุคน แก้วกล้า,15,ชาติประชาธิปไตย,631
บุรีรัมย์,2548,7,นายสุทธินัน จรเอ้กา,1,ชาติไทย,"1,186"
บุรีรัมย์,2548,7,นายภุชงค์ เลาหศิริวงค์,4,ประชาธิปัตย์,"6,283"
บุรีรัมย์,2548,7,นายรุ่งสุริยา หอมวัน,5,ประชาชนไทย,456
บุรีรัมย์,2548,7,นายประกิจ พลเดช,9,ไทยรักไทย,"50,745"
บุรีรัมย์,2548,7,นายพงศพัศ พงศ์กิจรุ่งเรือง,10,ความหวังใหม่,347
บุรีรัมย์,2548,7,นายปราโมทย์ หอยมุกข์,11,มหาชน,"10,416"
บุรีรัมย์,2548,8,นายสุรเชษฐ์ กฤตยเรืองโรจน์,1,ชาติไทย,"21,033"
บุรีรัมย์,2548,8,นายปรีชา เข็มบุบผา,4,ประชาธิปัตย์,"1,835"
บุรีรัมย์,2548,8,นายโสภณ เพชรสว่าง,9,ไทยรักไทย,"51,189"
บุรีรัมย์,2548,8,นายสุริยา วงศ์เพ็ญ,10,ความหวังใหม่,263
บุรีรัมย์,2548,8,นายวัชรินทร์ ฉันทะกุล,11,มหาชน,998
บุรีรัมย์,2548,9,นายสมนึก เฮงวาณิชย์,4,ประชาธิปัตย์,"26,294"
บุรีรัมย์,2548,9,นายพุทธพงศ์ จันทะโคตร,5,ประชาชนไทย,206
บุรีรัมย์,2548,9,นายขจรธน จุดโต,9,ไทยรักไทย,"38,082"
บุรีรัมย์,2548,9,พ.ต.อ.ไพโรจน์ เลิศวิไล,11,มหาชน,"1,430"
บุรีรัมย์,2548,10,นายสุรวุฒิ เงางาม,4,ประชาธิปัตย์,"3,757"
บุรีรัมย์,2548,10,นายสัญชัย ทะนานทอง,5,ประชาชนไทย,243
บุรีรัมย์,2548,10,นายทรงศักดิ์ ทองศรี,9,ไทยรักไทย,"37,941"
บุรีรัมย์,2548,10,นายโอภาส ปุยะติ,10,ความหวังใหม่,"7,355"
บุรีรัมย์,2548,10,นายภูมิสิทธิ์ มาประจง,11,มหาชน,"12,924"
ปทุมธานี,2548,1,นายอภินันท์ ช่วยบำรุง,4,ประชาธิปัตย์,"15,957"
ปทุมธานี,2548,1,นายสุรพงษ์ อึ้งอัมพรวิไล,9,ไทยรักไทย,"62,455"
ปทุมธานี,2548,2,นายเอกพจน์ ปานแย้ม,1,ชาติไทย,"32,823"
ปทุมธานี,2548,2,นายอุทัย บัวทอง,4,ประชาธิปัตย์,"19,115"
ปทุมธานี,2548,2,ว่าที่ ร.ต.สุเมธ ฤทธาคนี,9,ไทยรักไทย,"28,195"
ปทุมธานี,2548,2,นางประเสริฐศรี ฮ้อแสงชัย,11,มหาชน,"1,670"
ปทุมธานี,2548,2,นางรัฐพร ศิลปชัย,21,เผ่าไท,72
ปทุมธานี,2548,3,นายอานนท์ นุ่นสุข,4,ประชาธิปัตย์,"21,568"
ปทุมธานี,2548,3,นายวรัญญู เทพหัสดิน ณ อยุธยา,9,ไทยรักไทย,"54,086"
ปทุมธานี,2548,3,นายจำลอง พรมสวัสดิ์,11,มหาชน,"2,477"
ปทุมธานี,2548,4,พ.ต.ท.อดิศร ด้วงพูล,1,ชาติไทย,"5,224"
ปทุมธานี,2548,4,นายสุนทร อุ่มบางตลาด,4,ประชาธิปัตย์,"23,683"
ปทุมธานี,2548,4,นายลิขิต หมู่ดี,9,ไทยรักไทย,"50,216"
ปทุมธานี,2548,5,นายเชาวฤทธิ์ พุทธนิตย์,1,ชาติไทย,"9,906"
ปทุมธานี,2548,5,นายธีระวัฒน์ หลีนวรัตน์,4,ประชาธิปัตย์,"23,765"
ปทุมธานี,2548,5,นายชูชาติ หาญสวัสดิ์,9,ไทยรักไทย,"37,131"
ปทุมธานี,2548,5,นายโสภณ เจริญลาภ,10,ความหวังใหม่,227
ปทุมธานี,2548,5,นายวิเชียร พิมพ์มหา,11,มหาชน,"2,365"
ประจวบคีรีขันธ์,2548,1,นายมนตรี ปาน้อยนนท์,4,ประชาธิปัตย์,"46,812"
ประจวบคีรีขันธ์,2548,1,นายพีระ สุกิจปาณีนิจ,9,ไทยรักไทย,"25,457"
ประจวบคีรีขันธ์,2548,1,นายพีระพล ประจวบเหมาะ,11,มหาชน,"6,659"
ประจวบคีรีขันธ์,2548,2,นายเฉลิมชัย ศรีอ่อน,4,ประชาธิปัตย์,"43,896"
ประจวบคีรีขันธ์,2548,2,นายพรเทพ วิสุทธิ์วัฒนศักดิ์,9,ไทยรักไทย,"43,032"
ประจวบคีรีขันธ์,2548,3,นางวัชรี กลั่นศรี,1,ชาติไทย,"2,927"
ประจวบคีรีขันธ์,2548,3,นายประมวล พงศ์ถาวราเดช,4,ประชาธิปัตย์,"51,184"
ประจวบคีรีขันธ์,2548,3,นางอดาวัลย์ พูลธรัตน์,9,ไทยรักไทย,"19,262"
ประจวบคีรีขันธ์,2548,3,นายสุวรรณ ทองกรอย,11,มหาชน,"1,518"
ปราจีนบุรี,2548,1,นายปกรณ์ คืนคงดี,4,ประชาธิปัตย์,"16,935"
ปราจีนบุรี,2548,1,นางกนกวรรณ วิลาวัลย์ ศรีจันทร์งาม,9,ไทยรักไทย,"49,041"
ปราจีนบุรี,2548,2,นายบุญเลิศ ผาพันธุ์,4,ประชาธิปัตย์,"2,988"
ปราจีนบุรี,2548,2,นายคงกฤช หงษ์วิไล,9,ไทยรักไทย,"49,737"
ปราจีนบุรี,2548,2,นางเขมา สมใจ,11,มหาชน,"23,840"
ปราจีนบุรี,2548,3,นายพิษณุ อุดมทรัพย์,4,ประชาธิปัตย์,"2,361"
ปราจีนบุรี,2548,3,นายชยุต ภุมมะกาญจนะ,9,ไทยรักไทย,"39,432"
ปราจีนบุรี,2548,3,พลตรีสิทธิ์ สิทธิมงคล,11,มหาชน,"35,626"
ปัตตานี,2548,1,นายรอสเด่น อีซอ,1,ชาติไทย,703
ปัตตานี,2548,1,นายอันวาร์ สาและ,4,ประชาธิปัตย์,"28,554"
ปัตตานี,2548,1,นายวัยโรจน์ พิพิธภักดี,9,ไทยรักไทย,"15,663"
ปัตตานี,2548,1,นายสมมุติ เบ็ญจลักษณ์,11,มหาชน,"21,194"
ปัตตานี,2548,2,นายอุดมพันธ์ มากสุวรรณ,1,ชาติไทย,"14,559"
ปัตตานี,2548,2,นายอิสมาแอล ยีดอรอแม,4,ประชาธิปัตย์,"41,968"
ปัตตานี,2548,2,พ.ต.ท.เจ๊ะอิสมาแอ เจ๊ะโมง,9,ไทยรักไทย,"8,532"
ปัตตานี,2548,2,นายอิสมาอีล เบญจสมิทธิ์,11,มหาชน,"3,993"
ปัตตานี,2548,3,นายโมฮามัดยาสรี ยูซง,4,ประชาธิปัตย์,"33,385"
ปัตตานี,2548,3,นายสมมารถ เจ๊ะนา,9,ไทยรักไทย,"20,763"
ปัตตานี,2548,3,นายมูฮำมัดอารีฟีน จะปะกิยา,11,มหาชน,"11,343"
ปัตตานี,2548,4,นายซาตา อาแวกือจิ,4,ประชาธิปัตย์,"28,769"
ปัตตานี,2548,4,นายมูฮำหมัดสุกกรี ดอเลาะ,5,ประชาชนไทย,512
ปัตตานี,2548,4,นายมุข สุไลมาน,9,ไทยรักไทย,"13,921"
ปัตตานี,2548,4,นายนุรดีน มะดีเยาะ,10,ความหวังใหม่,"1,067"
ปัตตานี,2548,4,นายยุซุฟ ดอเลาะ,11,มหาชน,"12,178"
พระนครศรีอยุธยา,2548,1,นายสุทัศน์ อติโรจนสกุล,4,ประชาธิปัตย์,"7,951"
พระนครศรีอยุธยา,2548,1,นายเกื้อกูล ด่านชัยวิจิตร,9,ไทยรักไทย,"46,591"
พระนครศรีอยุธยา,2548,1,นายสุรเชษฐ ชัยโกศล,11,มหาชน,"22,581"
พระนครศรีอยุธยา,2548,2,นายสิทธิศักดิ์ ทองศรี,1,ชาติไทย,"2,397"
พระนครศรีอยุธยา,2548,2,นายสมบูรณ์ มีนาค,4,ประชาธิปัตย์,"9,135"
พระนครศรีอยุธยา,2548,2,นายพ้อง ชีวานันท์,9,ไทยรักไทย,"60,487"
พระนครศรีอยุธยา,2548,2,นายสุพจน์ ศักดิ์ดี,11,มหาชน,"4,745"
พระนครศรีอยุธยา,2548,3,พ.ต.ท.มนัส ธนะสาร,4,ประชาธิปัตย์,"8,514"
พระนครศรีอยุธยา,2548,3,น.ส.สุวิมล พันธ์เจริญวรกุล,9,ไทยรักไทย,"67,011"
พระนครศรีอยุธยา,2548,3,นายกิตติ จูปรางค์,11,มหาชน,"5,652"
พระนครศรีอยุธยา,2548,4,นายสมบัติ ทัพประยูร,4,ประชาธิปัตย์,"9,993"
พระนครศรีอยุธยา,2548,4,นายวิทยา บุรณศิริ,9,ไทยรักไทย,"63,890"
พระนครศรีอยุธยา,2548,4,นายบุญชอบ อินทรักษาทรัพย์,10,ความหวังใหม่,"1,118"
พระนครศรีอยุธยา,2548,5,นายสุรัตน์ชัย บุญมีนิยม,1,ชาติไทย,"4,277"
พระนครศรีอยุธยา,2548,5,นายมนตรี จันทร,4,ประชาธิปัตย์,"15,370"
พระนครศรีอยุธยา,2548,5,นายบุญพันธ์ แขวัฒนะ,9,ไทยรักไทย,"47,568"
พระนครศรีอยุธยา,2548,5,นายบุญส่ง กุศลเอี่ยม,11,มหาชน,"5,818"
พะเยา,2548,1,นางวัชรี พงษ์พันธุ์ชัชวาล,4,ประชาธิปัตย์,"9,946"
พะเยา,2548,1,น.ส.อรุณี ชำนาญยา,9,ไทยรักไทย,"51,739"
พะเยา,2548,1,นายครูนิตย์ ปิงเมือง,11,มหาชน,"19,959"
พะเยา,2548,2,นายอนุชา มุสิกะ,4,ประชาธิปัตย์,"9,324"
พะเยา,2548,2,น.ส.รัชฎาพร ทองคำ,6,คนขอปลดหนี้,"1,982"
พะเยา,2548,2,นายวิสุทธิ์ ไชยดรุณ,9,ไทยรักไทย,"61,097"
พะเยา,2548,2,นายกู้เกียรติ ชูศักดิ์สกุลวิบูลย์,11,มหาชน,"7,341"
พะเยา,2548,3,นายบัณฑิต ไชยมงคล,1,ชาติไทย,"3,844"
พะเยา,2548,3,นายประพันธ์ สิงห์ชัย,4,ประชาธิปัตย์,"2,942"
พะเยา,2548,3,น.ส.อุรัสยา ขันแก้ว,6,คนขอปลดหนี้,"1,271"
พะเยา,2548,3,นายไพโรจน์ ตันบรรจง,9,ไทยรักไทย,"56,795"
พะเยา,2548,3,น.ส.มัลลิกา บุญมีตระกูล,11,มหาชน,"22,156"
พังงา,2548,1,นายธำรงณ์ศักดิ์ บุญรักษ์,1,ชาติไทย,891
พังงา,2548,1,นางกันตวรรณ ตันเสถียร กุลจรรยาวิวัฒน์,4,ประชาธิปัตย์,"47,798"
พังงา,2548,1,นายปราโมทย์ แหล่ทองคำ,9,ไทยรักไทย,"14,210"
พังงา,2548,2,นายจุฤทธิ์ ลักษณวิศิษฏ์,4,ประชาธิปัตย์,"30,961"
พังงา,2548,2,นายกฤษ ศรีฟ้า,9,ไทยรักไทย,"33,494"
พัทลุง,2548,1,นายกู้ชาติ ชายเกตุ,1,ชาติไทย,"1,336"
พัทลุง,2548,1,นายสุพัฒน์ ธรรมเพชร,4,ประชาธิปัตย์,"62,835"
พัทลุง,2548,1,นายธนภัทร เหมือนจันทร์,9,ไทยรักไทย,"22,857"
พัทลุง,2548,1,นายยืนยง พืชมงคล,10,ความหวังใหม่,411
พัทลุง,2548,2,นายอภินันท์ ชูดำ,1,ชาติไทย,"1,567"
พัทลุง,2548,2,นายนิพิฏฐ์ อินทร์สมบัติ,4,ประชาธิปัตย์,"44,729"
พัทลุง,2548,2,นายคณนาถ หมื่นหนู,9,ไทยรักไทย,"37,674"
พัทลุง,2548,2,นายสมชาย ใจดำ,10,ความหวังใหม่,326
พัทลุง,2548,2,นายสุชาติ รักใหม่,11,มหาชน,"9,063"
พัทลุง,2548,3,นายทรงภพ สมถวิล,1,ชาติไทย,"1,116"
พัทลุง,2548,3,นายนริศ ขำนุรักษ์,4,ประชาธิปัตย์,"56,494"
พัทลุง,2548,3,นายสุพัฒน์ แก้วจันทร์,9,ไทยรักไทย,"30,065"
พัทลุง,2548,3,นายเขมาวุฒิ สุวรรณ์,10,ความหวังใหม่,156
พิจิตร,2548,1,นายประดิษฐ์ ภัทรประสิทธิ์,4,ประชาธิปัตย์,"38,360"
พิจิตร,2548,1,นายเสริมสุข เหลาหชัยอรุณ,9,ไทยรักไทย,"29,662"
พิจิตร,2548,2,นายนราพัฒน์ แก้วทอง,4,ประชาธิปัตย์,"34,044"
พิจิตร,2548,2,น.ส.สุณีย์ เหลืองวิจิตร,9,ไทยรักไทย,"35,510"
พิจิตร,2548,2,น.ส.พัชราภรณ์ แก้วทอง,18,รักษ์ถิ่นไทย,115
พิจิตร,2548,3,นายวิทยา กรวยศิริวงค์,4,ประชาธิปัตย์,"1,107"
พิจิตร,2548,3,นายนาวิน บุญเสรฐ,9,ไทยรักไทย,"34,265"
พิจิตร,2548,3,นายศิริวัฒน์ ขจรประศาสน์,11,มหาชน,"30,679"
พิจิตร,2548,4,นายภาคภูมิ ถาวรกูล,4,ประชาธิปัตย์,"11,215"
พิจิตร,2548,4,พ.ต.ท.อดุลย์ บุญเสรฐ,9,ไทยรักไทย,"52,665"
พิษณุโลก,2548,1,นายราม ตันรัตนวงศ์,1,ชาติไทย,"4,849"
พิษณุโลก,2548,1,นายวรงค์ เดชกิจวิกรม,4,ประชาธิปัตย์,"39,050"
พิษณุโลก,2548,1,นายพิทักษ์ สันติวงศ์เดชา,9,ไทยรักไทย,"23,587"
พิษณุโลก,2548,1,พล.ท.พิพัฒน์ เด็ดแก้ว,11,มหาชน,925
พิษณุโลก,2548,2,นายธีรการ ศิริวุฒิการ,1,ชาติไทย,800
พิษณุโลก,2548,2,นายพงษ์มนู ทองหนัก,4,ประชาธิปัตย์,"21,268"
พิษณุโลก,2548,2,นายศรัทธา เสมามิ่ง,5,ประชาชนไทย,187
พิษณุโลก,2548,2,นายปณชัย จำปาแก้ว,6,คนขอปลดหนี้,"1,409"
พิษณุโลก,2548,2,นายมนต์ชัย วิวัฒน์ธนาฒย์,9,ไทยรักไทย,"51,758"
พิษณุโลก,2548,3,ว่าที่ ร.ต.บุญเลิศ จันทร์ประเสริฐ,1,ชาติไทย,"1,452"
พิษณุโลก,2548,3,นายนพพล เหลืองทองนารา,4,ประชาธิปัตย์,"27,420"
พิษณุโลก,2548,3,นายประสิทธิ์ คงจันทร์,6,คนขอปลดหนี้,"2,016"
พิษณุโลก,2548,3,นางมยุรา มนะสิการ,9,ไทยรักไทย,"37,147"
พิษณุโลก,2548,3,นายยอด นาคหวัง,11,มหาชน,"2,226"
พิษณุโลก,2548,4,นายกฤษณ์ รื่นฤทธิ์,1,ชาติไทย,"1,120"
พิษณุโลก,2548,4,นายนพดล สัจจัง,4,ประชาธิปัตย์,"14,916"
พิษณุโลก,2548,4,นายนิยม ช่างพินิจ,9,ไทยรักไทย,"46,038"
พิษณุโลก,2548,4,นายไพโรจน์ ปานทอง,11,มหาชน,"1,442"
พิษณุโลก,2548,5,นายเรืองฤทธิ์ ศิริสวัสดิ์,1,ชาติไทย,"5,375"
พิษณุโลก,2548,5,นายนคร มาฉิม,4,ประชาธิปัตย์,"29,793"
พิษณุโลก,2548,5,นายพูมคม ศรีนรา,6,คนขอปลดหนี้,"7,951"
พิษณุโลก,2548,5,นายไกรสิทธิ์ ไกรสิทธิพงศ์,9,ไทยรักไทย,"23,730"
พิษณุโลก,2548,5,นายสมบัติ จันทรา,10,ความหวังใหม่,253
พิษณุโลก,2548,5,น.ส.ชุติกาญจน์ คำผงแดง,11,มหาชน,"2,339"
พิษณุโลก,2548,6,นายจุติ ไกรฤกษ์,4,ประชาธิปัตย์,"24,177"
พิษณุโลก,2548,6,ว่าที่ ร.ต.เอกสิทธิ์ กิจถนอม,6,คนขอปลดหนี้,"3,024"
พิษณุโลก,2548,6,นายหัสนัยน์ สอนสิทธิ์,9,ไทยรักไทย,"32,279"
พิษณุโลก,2548,6,นายรุ่งทรัพย์ รุ่งเกียรติยศ,10,ความหวังใหม่,147
พิษณุโลก,2548,6,นายชวสรร เหลืองตระกูล,11,มหาชน,"1,620"
พิษณุโลก,2548,6,น.ส.บุษบา ไกรฤกษ์,18,รักษ์ถิ่นไทย,90
เพชรบุรี,2548,1,นายปรีชา สีน้ำเพชร,1,ชาติไทย,"24,131"
เพชรบุรี,2548,1,นายอลงกรณ์ พลบุตร,4,ประชาธิปัตย์,"44,397"
เพชรบุรี,2548,1,นายราชศักดิ์ คล้ายคลึง,9,ไทยรักไทย,"14,638"
เพชรบุรี,2548,1,นายภูวดล ชมบริสุทธิ์,10,ความหวังใหม่,254
เพชรบุรี,2548,2,นายกัมพล สุภาแพ่ง,4,ประชาธิปัตย์,"34,534"
เพชรบุรี,2548,2,นายธานี ยี่สาร,9,ไทยรักไทย,"44,812"
เพชรบุรี,2548,2,นายอนิรุทธ์ บัวทอง,11,มหาชน,"1,283"
เพชรบุรี,2548,3,นายทัศกมล โอบอ้อม,1,ชาติไทย,"9,367"
เพชรบุรี,2548,3,นายอภิชาติ สุภาแพ่ง,4,ประชาธิปัตย์,"43,529"
เพชรบุรี,2548,3,นายปิยะ อังกินันทน์,9,ไทยรักไทย,"29,421"
เพชรบุรี,2548,3,จ.ส.ต.สงวน นาทวัฒน์หัตถพล,11,มหาชน,"1,194"
เพชรบูรณ์,2548,1,นายวิจิตร พรพฤฒิพันธุ์,4,ประชาธิปัตย์,"26,741"
เพชรบูรณ์,2548,1,นายจักรพันธุ์ ศิริวงศ์,6,คนขอปลดหนี้,"1,539"
เพชรบูรณ์,2548,1,นายเรวัต แสงวิจิตร,9,ไทยรักไทย,"38,697"
เพชรบูรณ์,2548,1,นายชัยวัฒน์ เจริญศรีทอง,11,มหาชน,"2,882"
เพชรบูรณ์,2548,2,นายศักดิ์ชัย ลาภพรศิริกุล,1,ชาติไทย,"11,058"
เพชรบูรณ์,2548,2,นายอาทิตย์ มงคลกิติ,4,ประชาธิปัตย์,"8,613"
เพชรบูรณ์,2548,2,นายณชภาดร เจริญภูวดล,6,คนขอปลดหนี้,481
เพชรบูรณ์,2548,2,นายสุรศักดิ์ อนรรฆพันธ์,9,ไทยรักไทย,"37,718"
เพชรบูรณ์,2548,2,นายวรพิภัทร พงศ์ธนพจน์,11,มหาชน,"3,460"
เพชรบูรณ์,2548,3,นายบรรหาร บุญเขต,4,ประชาธิปัตย์,"1,755"
เพชรบูรณ์,2548,3,นายฤทธิชัย ดีอ่ำ,6,คนขอปลดหนี้,563
เพชรบูรณ์,2548,3,นายทวีศักดิ์ อนรรฆพันธ์,9,ไทยรักไทย,"37,832"
เพชรบูรณ์,2548,3,นายชาญชัย กิจประเสริฐ,11,มหาชน,"17,451"
เพชรบูรณ์,2548,4,นายจรัส พั้วช่วย,1,ชาติไทย,"14,247"
เพชรบูรณ์,2548,4,นายประหยัด พลสวัสดิ์,5,ประชาชนไทย,312
เพชรบูรณ์,2548,4,ร.ท.อเนก ก้อนมณี,6,คนขอปลดหนี้,"9,820"
เพชรบูรณ์,2548,4,นายณรงค์กร ชวาลสันตติ,9,ไทยรักไทย,"40,986"
เพชรบูรณ์,2548,4,นายจรัญ สายวัน,11,มหาชน,"6,382"
เพชรบูรณ์,2548,4,นายเทียนชัย ชาญจึงถาวร,21,พลังธรรม,576
เพชรบูรณ์,2548,5,น.ส.สุมนี รัตนเสถียร,1,ชาติไทย,"24,211"
เพชรบูรณ์,2548,5,นายอนุกูล รัศมี,4,ประชาธิปัตย์,"3,881"
เพชรบูรณ์,2548,5,พ.อ.ท.กิตติคุณ นาคะบุตร,9,ไทยรักไทย,"37,349"
เพชรบูรณ์,2548,5,ว่าที่ ร.ท.โอภาส สุทธิเกิด,11,มหาชน,"1,269"
เพชรบูรณ์,2548,6,นายพิชัย คนโทเงิน,4,ประชาธิปัตย์,"10,712"
เพชรบูรณ์,2548,6,นายเอี่ยม ทองใจสด,9,ไทยรักไทย,"55,520"
เพชรบูรณ์,2548,7,นายจักรัตน์ พั้วช่วย,1,ชาติไทย,"30,562"
เพชรบูรณ์,2548,7,นายเมธี วินัยโรจน์,4,ประชาธิปัตย์,"2,808"
เพชรบูรณ์,2548,7,นายสุทธิพงษ์ ขันตี,6,คนขอปลดหนี้,"5,227"
เพชรบูรณ์,2548,7,นายไพศาล จันทรภักดี,9,ไทยรักไทย,"30,993"
เพชรบูรณ์,2548,7,นายชัยรัตน์ เหมมั่น,11,มหาชน,"5,411"
แพร่,2548,1,นายประสงค์ ชุ่มเชย,4,ประชาธิปัตย์,"17,408"
แพร่,2548,1,นายทศพร เสรีรักษ์,9,ไทยรักไทย,"72,144"
แพร่,2548,1,นายสาโรจน์ ศุภศิริ,11,มหาชน,"4,402"
แพร่,2548,2,นางศิริวรรณ ปราศจากศัตรู,4,ประชาธิปัตย์,"30,397"
แพร่,2548,2,นายอนุวัธ วงศ์วรรณ,9,ไทยรักไทย,"55,103"
แพร่,2548,2,นายพนมพันธ์ คำชื่น,11,มหาชน,"1,194"
แพร่,2548,3,นายสมชัย จำปี,4,ประชาธิปัตย์,"29,527"
แพร่,2548,3,น.ส.ปนัดดา นันทะญานา,6,คนขอปลดหนี้,"1,028"
แพร่,2548,3,นายวรวัจน์ เอื้ออภิญญกุล,9,ไทยรักไทย,"49,370"
แพร่,2548,3,พลตรีพิชิต มีผดุง,11,มหาชน,"1,662"
ภูเก็ต,2548,1,นายสุวิทย์ เสงี่ยมกุล,4,ประชาธิปัตย์,"45,111"
ภูเก็ต,2548,1,นางศรีญาดา ปาลิมาพันธ์,9,ไทยรักไทย,"23,503"
ภูเก็ต,2548,2,น.ส.เฉลิมลักษณ์ เก็บทรัพย์,4,ประชาธิปัตย์,"43,295"
ภูเก็ต,2548,2,นายวิสุทธิ์ สันติกุล,9,ไทยรักไทย,"27,222"
มหาสารคาม,2548,1,นายเชวงศักดิ์ พลลาภ,4,ประชาธิปัตย์,"5,894"
มหาสารคาม,2548,1,นายยุทธพล ศรีมุงคุณ,5,ประชาชนไทย,315
มหาสารคาม,2548,1,นายทองหล่อ พลโคตร,9,ไทยรักไทย,"64,234"
มหาสารคาม,2548,1,นายเสกสรรค์ แก้วมาลา,10,ความหวังใหม่,536
มหาสารคาม,2548,1,นายชัยสิทธิ์ อัตถากร,11,มหาชน,"4,258"
มหาสารคาม,2548,2,นายไถง ปะติเส,4,ประชาธิปัตย์,"9,971"
มหาสารคาม,2548,2,นายจตุภูมิ ศรีสุโท,5,ประชาชนไทย,183
มหาสารคาม,2548,2,นายสุข ม่วงแก้ว,6,คนขอปลดหนี้,606
มหาสารคาม,2548,2,นายสุชาติ ศรีสังข์,9,ไทยรักไทย,"53,562"
มหาสารคาม,2548,2,นายจำรัส จันทร์เปล่ง,10,ความหวังใหม่,219
มหาสารคาม,2548,2,นายประจิตย์ ดาวเรือง,11,มหาชน,"5,921"
มหาสารคาม,2548,3,นายยุทธพงศ์ จรัสเสถียร,4,ประชาธิปัตย์,"25,175"
มหาสารคาม,2548,3,นายสุชาติ โชคชัยวัฒนากร,9,ไทยรักไทย,"44,948"
มหาสารคาม,2548,3,นายเฉลียว ไชยชาติ,10,ความหวังใหม่,386
มหาสารคาม,2548,3,นายธนพจน์ หนุนพาณิชพงศ์,11,มหาชน,"2,282"
มหาสารคาม,2548,4,นายสรรพภัญญู ศิริไปล์,1,ชาติไทย,"21,887"
มหาสารคาม,2548,4,นายบรรจง ทองจำปา,4,ประชาธิปัตย์,764
มหาสารคาม,2548,4,นายวชิรุฬ ธุระทำ,5,ประชาชนไทย,87
มหาสารคาม,2548,4,นายชาญชัย ชัยรุ่งเรือง,9,ไทยรักไทย,"39,016"
มหาสารคาม,2548,4,นายวสันต์ คงประทีป,10,ความหวังใหม่,188
มหาสารคาม,2548,4,นายชาฤทธิ์ ชัยพิสุทธิ์สกุล,11,มหาชน,"10,827"
มหาสารคาม,2548,5,นายประยุทธ์ ศิริพาณิชย์,1,ชาติไทย,"28,310"
มหาสารคาม,2548,5,นายศุภัทร์ลาภ ทาสะโก,4,ประชาธิปัตย์,762
มหาสารคาม,2548,5,นางกุสุมาลวตี ศิริโกมุท,9,ไทยรักไทย,"49,302"
มหาสารคาม,2548,5,นายบุญแสง พิมล,10,ความหวังใหม่,200
มหาสารคาม,2548,5,นายเลอสรรค์ สิทธิด่าง,11,มหาชน,713
มหาสารคาม,2548,5,นายจรัส ชูคันหอม,13,ไทยช่วยไทย,44
มหาสารคาม,2548,6,นายมาโนช เชาวรัตน์,1,ชาติไทย,"27,751"
มหาสารคาม,2548,6,นายวารินทร์ โคตรศรีวงษ์,4,ประชาธิปัตย์,"3,665"
มหาสารคาม,2548,6,นายชรี วารีศรี,5,ประชาชนไทย,179
มหาสารคาม,2548,6,นายกริช กงเพชร,9,ไทยรักไทย,"43,733"
มหาสารคาม,2548,6,นายวรรัช จำปามูล,10,ความหวังใหม่,981
มหาสารคาม,2548,6,นายจิรายุ สังฆะมณี,11,มหาชน,"1,755"
มุกดาหาร,2548,1,นางวรศุลี เชาว์ศิริกุล,1,ชาติไทย,"26,239"
มุกดาหาร,2548,1,นางมารศรี ศรีประเสริฐ,4,ประชาธิปัตย์,644
มุกดาหาร,2548,1,นายประมวลศิลป์ โภคสวัสดิ์,9,ไทยรักไทย,"49,709"
มุกดาหาร,2548,1,นายประพันธ์ บรรลุศิลป์,11,มหาชน,790
มุกดาหาร,2548,1,นายพงษ์พันธ์ จันทรสาขา,12,ประชากรไทย,82
มุกดาหาร,2548,1,นายเด่นชัย แสนนามวงศ์,18,รักษ์ถิ่นไทย,180
มุกดาหาร,2548,2,นายวิทยา บุตรดีวงค์,1,ชาติไทย,"36,659"
มุกดาหาร,2548,2,นายวารินทร์ อัฐนาค,4,ประชาธิปัตย์,"1,025"
มุกดาหาร,2548,2,นางลาวัณย์ ตันติกุลพงศ์,9,ไทยรักไทย,"35,264"
มุกดาหาร,2548,2,นายไพฑูรย์ พลซื่อ,11,มหาชน,"2,621"
มุกดาหาร,2548,2,นายเกษม คำมุงคุณ,21,เกษตรกรไทย,763
แม่ฮ่องสอน,2548,1,นายดำรง ไหวดี,1,ชาติไทย,"2,522"
แม่ฮ่องสอน,2548,1,นายเสน่ห์ อุตราภิมุข,4,ประชาธิปัตย์,"10,619"
แม่ฮ่องสอน,2548,1,นายอำนาจ แสงเฮ่อ,6,คนขอปลดหนี้,"3,666"
แม่ฮ่องสอน,2548,1,นายปัญญา จีนาคำ,9,ไทยรักไทย,"21,890"
แม่ฮ่องสอน,2548,1,นายประเวช คำสวัสดิ์,10,ความหวังใหม่,546
แม่ฮ่องสอน,2548,1,นางกิตติกา พานอ่อง,11,มหาชน,"6,048"
แม่ฮ่องสอน,2548,2,นายจีรพงศ์ พวงทอง,4,ประชาธิปัตย์,"13,638"
แม่ฮ่องสอน,2548,2,นายชัยเพชร กิ่งแก้วเพชร,6,คนขอปลดหนี้,"14,568"
แม่ฮ่องสอน,2548,2,นายสมบูรณ์ ไพรวัลย์,9,ไทยรักไทย,"15,654"
แม่ฮ่องสอน,2548,2,ว่าที่ พ.ต.วรวิทย์ พันธุรัตน์,11,มหาชน,"2,841"
ยโสธร,2548,1,นายประยุทธ นิจพานิชย์,1,ชาติไทย,"11,106"
ยโสธร,2548,1,นายสมชาย ภักตรนิกร,4,ประชาธิปัตย์,972
ยโสธร,2548,1,นายสุคนธ์ นันตาวัง,6,คนขอปลดหนี้,372
ยโสธร,2548,1,นายสุทธิชัย จันทร์อารักษ์,9,ไทยรักไทย,"39,142"
ยโสธร,2548,1,นายวีระศักดิ์ บุญทศ,10,ความหวังใหม่,"7,296"
ยโสธร,2548,1,นายสมหวัง จำปาหอม,11,มหาชน,"9,741"
ยโสธร,2548,1,ว่าที่ ร.ต.อ.สัญลักษณ์ แสงพันธุ์,15,ชาติประชาธิปไตย,251
ยโสธร,2548,2,นายประจักษ์ เนาวรัตน์,4,ประชาธิปัตย์,"5,261"
ยโสธร,2548,2,นายรณฤทธิชัย คานเขต,9,ไทยรักไทย,"46,672"
ยโสธร,2548,2,นายกร ศิรินาม,10,ความหวังใหม่,"1,216"
ยโสธร,2548,2,นายอาคม จวนสาง,11,มหาชน,"2,736"
ยโสธร,2548,3,นายอภินันท์ เมตตาริกานนท์,1,ชาติไทย,"18,936"
ยโสธร,2548,3,นายถาวร ศรีมันตะ,4,ประชาธิปัตย์,"1,556"
ยโสธร,2548,3,นายวิฑูรย์ วงษ์ไกร,9,ไทยรักไทย,"36,828"
ยโสธร,2548,4,นายสฤษดิ์ ประดับศรี,1,ชาติไทย,"22,311"
ยโสธร,2548,4,น.ส.ปิยนุช ทองบุราณ,4,ประชาธิปัตย์,"1,106"
ยโสธร,2548,4,นายวิสันต์ เดชเสน,9,ไทยรักไทย,"32,198"
ยโสธร,2548,4,นายพัฒนา ชลพันธ์,10,ความหวังใหม่,282
ยโสธร,2548,4,นายพิเชษฐ์ สารสุข,11,มหาชน,"7,786"
ยะลา,2548,1,นายชาตรี มะดอลอ,1,ชาติไทย,"3,734"
ยะลา,2548,1,นายประเสริฐ พงษ์สุวรรณศิริ,4,ประชาธิปัตย์,"33,393"
ยะลา,2548,1,นายไพโรจน์ เฉลียวศักติ์,9,ไทยรักไทย,"20,336"
ยะลา,2548,1,นายอนันต์ แสงวัณณ์,11,มหาชน,"5,716"
ยะลา,2548,2,นายอับดุลการิม เด็งระกีนา,4,ประชาธิปัตย์,"23,212"
ยะลา,2548,2,นายไพศาล ยิ่งสมาน,9,ไทยรักไทย,"19,314"
ยะลา,2548,2,นายสิทธิศักดิ์ มะโรหบุตร,10,ความหวังใหม่,"1,367"
ยะลา,2548,2,นายนิรันทร์ วายา,11,มหาชน,"18,621"
ยะลา,2548,3,นายณรงค์ ดูดิง,4,ประชาธิปัตย์,"38,040"
ยะลา,2548,3,นายบูราฮานูดิน อุเซ็ง,9,ไทยรักไทย,"22,162"
ยะลา,2548,3,นายสอยูวัน อาลีมามะ,11,มหาชน,"5,637"
ร้อยเอ็ด,2548,1,นายอนุรักษ์ จุรีมาศ,1,ชาติไทย,"44,065"
ร้อยเอ็ด,2548,1,นายประณต เสริฐวิชา,4,ประชาธิปัตย์,802
ร้อยเอ็ด,2548,1,นายธำรงศักดิ์ ประสาร,5,ประชาชนไทย,31
ร้อยเอ็ด,2548,1,นายสานิต ว่องสัธนพงษ์,9,ไทยรักไทย,"38,174"
ร้อยเอ็ด,2548,1,นายประยูร วิไลภักดี,10,ความหวังใหม่,98
ร้อยเอ็ด,2548,1,นายวราวงษ์ พันธุ์ศิลา,11,มหาชน,"1,735"
ร้อยเอ็ด,2548,2,นายทวี ศิลารัตน์,1,ชาติไทย,"1,270"
ร้อยเอ็ด,2548,2,นายเกียรติศักดิ์ ไค่นุ่นกา,4,ประชาธิปัตย์,"1,604"
ร้อยเอ็ด,2548,2,นางฐัติมา ภาวะลี,5,ประชาชนไทย,124
ร้อยเอ็ด,2548,2,นายฉลาด ขามช่วง,9,ไทยรักไทย,"65,424"
ร้อยเอ็ด,2548,2,นายทวีวัฒน์ รัตนสงคราม,10,ความหวังใหม่,293
ร้อยเอ็ด,2548,2,นายธีรวุฒิ เถาทิพย์,11,มหาชน,"8,471"
ร้อยเอ็ด,2548,3,นายพิชัย คามวัลย์,4,ประชาธิปัตย์,921
ร้อยเอ็ด,2548,3,นายไพโรจน์ ดิษฐาเนตร,5,ประชาชนไทย,192
ร้อยเอ็ด,2548,3,นายเยียมพล พลเยี่ยม,6,คนขอปลดหนี้,"3,397"
ร้อยเอ็ด,2548,3,นายเอกภาพ พลซื่อ,9,ไทยรักไทย,"68,320"
ร้อยเอ็ด,2548,3,ว่าที่ ร.ต.ปิฏิพงษ์ พลเยี่ยม,10,ความหวังใหม่,600
ร้อยเอ็ด,2548,4,นายอรรณพ เพียรชนะ,1,ชาติไทย,"27,182"
ร้อยเอ็ด,2548,4,นายยงยุทธ ขัติยนนท์,4,ประชาธิปัตย์,743
ร้อยเอ็ด,2548,4,นายธงชัย เยาวเรศน์,5,ประชาชนไทย,37
ร้อยเอ็ด,2548,4,นายณัชธกร ประกอบสาย,6,คนขอปลดหนี้,"1,016"
ร้อยเอ็ด,2548,4,นายนิรันดร นาเมืองรักษ์,9,ไทยรักไทย,"37,173"
ร้อยเอ็ด,2548,4,นายบุญชิต อุทัศพัฒนะ,10,ความหวังใหม่,162
ร้อยเอ็ด,2548,4,นายชัยศักดิ์ ทะไกรราช,11,มหาชน,"2,715"
ร้อยเอ็ด,2548,5,นายประสพสุข เสนานคร,1,ชาติไทย,"1,058"
ร้อยเอ็ด,2548,5,นายสมบัติ ขันโมลี,4,ประชาธิปัตย์,796
ร้อยเอ็ด,2548,5,นายนิสิต สินธุไพร,9,ไทยรักไทย,"49,950"
ร้อยเอ็ด,2548,5,นายวัชรินทร์ เอี่ยมรัศมีกุล,11,มหาชน,"19,386"
ร้อยเอ็ด,2548,6,น.ส.จันทรพร ขันโมลี,4,ประชาธิปัตย์,"3,366"
ร้อยเอ็ด,2548,6,นายสมเดช พันธมาศ,5,ประชาชนไทย,81
ร้อยเอ็ด,2548,6,นายกิตติ สมทรัพย์,9,ไทยรักไทย,"64,536"
ร้อยเอ็ด,2548,6,นายกฤษณะ แสนสำโรง,11,มหาชน,"3,997"
ร้อยเอ็ด,2548,7,นายอุทาร ออมอด,4,ประชาธิปัตย์,"4,192"
ร้อยเอ็ด,2548,7,นายสมชาติ บุญโลก,8,แผ่นดินไทย,712
ร้อยเอ็ด,2548,7,นายศักดา คงเพชร,9,ไทยรักไทย,"62,863"
ร้อยเอ็ด,2548,7,นายบุญนาค จุลวงษ์,10,ความหวังใหม่,354
ร้อยเอ็ด,2548,7,นายสนั่น สุพิชญานนท์,11,มหาชน,"2,366"
ร้อยเอ็ด,2548,8,นายมังกร ยนต์ตระกูล,1,ชาติไทย,"41,893"
ร้อยเอ็ด,2548,8,นายสภา จุรีมาศ,4,ประชาธิปัตย์,331
ร้อยเอ็ด,2548,8,นายเวียง วรเชษฐ์,9,ไทยรักไทย,"33,251"
ร้อยเอ็ด,2548,8,นายสถาพร โสดาวัฒน์,10,ความหวังใหม่,104
ร้อยเอ็ด,2548,8,นายสุนทร วงค์ศรีมี,11,มหาชน,558
ระนอง,2548,1,นายพงศกร พรหมสุวรรณ,1,ชาติไทย,"1,727"
ระนอง,2548,1,นายวิรัช ร่มเย็น,4,ประชาธิปัตย์,"48,647"
ระนอง,2548,1,นางปรียา ศรีพรหม,9,ไทยรักไทย,"19,765"
ระนอง,2548,1,นายสุขกิจ สวัสดี,11,มหาชน,"6,731"
ระยอง,2548,1,นายวารินทร์ ดุษฎีวงษ์กำจร,1,ชาติไทย,"1,342"
ระยอง,2548,1,นายสาธิต ปิตุเตชะ,4,ประชาธิปัตย์,"33,153"
ระยอง,2548,1,นายยงยศ อรุณเวสสะเศรษฐ,9,ไทยรักไทย,"34,283"
ระยอง,2548,1,นายสันทัด วิเศษศรี,11,มหาชน,"1,308"
ระยอง,2548,2,นางนิยะดา กฤษณะราช,1,ชาติไทย,"9,517"
ระยอง,2548,2,นายบัญญัติ เจตนจันทร์,4,ประชาธิปัตย์,"30,417"
ระยอง,2548,2,ร.ต.กฤษฎา การุญ,9,ไทยรักไทย,"30,656"
ระยอง,2548,2,นายอรรถพร ตั้งนุศาสน์,11,มหาชน,"2,131"
ระยอง,2548,3,นายโชดก วิริยะพงษ์,1,ชาติไทย,"4,088"
ระยอง,2548,3,นายมานพ เสถียรเขตต์,4,ประชาธิปัตย์,"23,126"
ระยอง,2548,3,นายธารา ปิตุเตชะ,9,ไทยรักไทย,"43,622"
ระยอง,2548,4,นายสุรชัย ปิตุเตชะ,1,ชาติไทย,"10,013"
ระยอง,2548,4,พ.ต.อ.ดิเรก ศิลา,4,ประชาธิปัตย์,"17,737"
ระยอง,2548,4,นายปราโมทย์ วีระพันธ์,9,ไทยรักไทย,"37,562"
ระยอง,2548,4,นายประชุม ปรีชาพัฒนพงศ์,11,มหาชน,"1,975"
ราชบุรี,2548,1,นายบุญมาก ศิริเนาวกุล,4,ประชาธิปัตย์,"36,799"
ราชบุรี,2548,1,นายกอบกุล นพอมรบดี,9,ไทยรักไทย,"47,208"
ราชบุรี,2548,1,นางวันดี ท้วมพลอย,10,ความหวังใหม่,239
ราชบุรี,2548,1,นางจริยา ลัทธศักดิ์ศิริ,11,มหาชน,"1,802"
ราชบุรี,2548,2,นายสามารถ พิริยะปัญญาพร,4,ประชาธิปัตย์,"34,410"
ราชบุรี,2548,2,นายวิวัฒน์ นิติกาญจนา,9,ไทยรักไทย,"47,089"
ราชบุรี,2548,2,น.ส.รัชฎาพร ชูประสงค์,10,ความหวังใหม่,384
ราชบุรี,2548,2,นายพันธ์ณรงค์ ประจักษ์จิตร,11,มหาชน,"1,434"
ราชบุรี,2548,3,น.ส.ปรีชญา ขำเจริญ,4,ประชาธิปัตย์,"33,444"
ราชบุรี,2548,3,น.ส.ปารีณา ไกรคุปต์,9,ไทยรักไทย,"51,705"
ราชบุรี,2548,3,นางนภักษร คณารักสมบัติ,10,ความหวังใหม่,416
ราชบุรี,2548,3,นายสมบัติ เรืองกฤษ,11,มหาชน,"2,737"
ราชบุรี,2548,4,นายวิจัย วัฒนาประสิทธิ์,1,ชาติไทย,"17,837"
ราชบุรี,2548,4,นายยศศักดิ์ ชีววิญญู,4,ประชาธิปัตย์,"19,711"
ราชบุรี,2548,4,นายวัฒนา มังคลรังษี,9,ไทยรักไทย,"49,759"
ราชบุรี,2548,4,นางสุหร่าย น่วมทนงค์,10,ความหวังใหม่,680
ราชบุรี,2548,4,นายภัคคุณก้าว จริยธาราสิทธิ์,11,มหาชน,"1,695"
ราชบุรี,2548,5,พ.ต.อ.สมพงษ์ นิลสิน,1,ชาติไทย,"4,312"
ราชบุรี,2548,5,นายวรินทร เนียมฉาย,4,ประชาธิปัตย์,"33,496"
ราชบุรี,2548,5,นายบุญลือ ประเสริฐโสภา,9,ไทยรักไทย,"47,103"
ราชบุรี,2548,5,นายภูริวัตน์ แก้วชัง,10,ความหวังใหม่,468
ลพบุรี,2548,1,นายจำเริญ สละชีพ,1,ชาติไทย,"20,927"
ลพบุรี,2548,1,น.ส.ผ่องศรี ธาราภูมิ,4,ประชาธิปัตย์,"19,795"
ลพบุรี,2548,1,นายณัฐพล เกียรติวินัยสกุล,9,ไทยรักไทย,"33,441"
ลพบุรี,2548,2,นายอมฤต สุหิรัญ,4,ประชาธิปัตย์,"19,993"
ลพบุรี,2548,2,นายพงษ์ศักดิ์ วรปัญญา,9,ไทยรักไทย,"56,287"
ลพบุรี,2548,3,นายกมล จิระพันธุ์วาณิช,1,ชาติไทย,"27,887"
ลพบุรี,2548,3,นางจันทนี ไทยเจริญ,4,ประชาธิปัตย์,"2,823"
ลพบุรี,2548,3,นายสุชาติ ลายน้ำเงิน,9,ไทยรักไทย,"43,955"
ลพบุรี,2548,4,นายประวิทย์ กุมพล,4,ประชาธิปัตย์,"6,751"
ลพบุรี,2548,4,นายอำนวย คลังผา,9,ไทยรักไทย,"61,273"
ลพบุรี,2548,4,นางพัชราภรณ์ เชื้อเพ็ชร์,11,มหาชน,"6,444"
ลพบุรี,2548,5,นางสายชล มิตรานนท์,4,ประชาธิปัตย์,"26,215"
ลพบุรี,2548,5,นายนิยม วรปัญญา,9,ไทยรักไทย,"43,760"
ลพบุรี,2548,5,ว่าที่ ร.ต.เสวต เชื้อเพ็ชร,11,มหาชน,"3,878"
ลำปาง,2548,1,พลตรีวิชัย จักรวัฒนา,4,ประชาธิปัตย์,"9,905"
ลำปาง,2548,1,น.ส.ศิรินทร์ทิพย์ เป็นคุณ,6,คนขอปลดหนี้,711
ลำปาง,2548,1,นายไพโรจน์ โล่ห์สุนทร,9,ไทยรักไทย,"44,757"
ลำปาง,2548,1,นายมัธยม นิภาเกษม,11,มหาชน,"28,041"
ลำปาง,2548,2,นายจินดา วงศ์สวัสดิ์,1,ชาติไทย,"28,619"
ลำปาง,2548,2,นายเกริก กาศเจริญ,4,ประชาธิปัตย์,"3,519"
ลำปาง,2548,2,นางรัชดา ศิริพรมพิศาล,6,คนขอปลดหนี้,543
ลำปาง,2548,2,นายกิตติกร โล่ห์สุนทร,9,ไทยรักไทย,"55,697"
ลำปาง,2548,2,นายวาจิส กันทะวัง,11,มหาชน,"2,113"
ลำปาง,2548,3,นายสุริยา อูปทอง,1,ชาติไทย,"11,716"
ลำปาง,2548,3,พล.ต.ท.สมเกียรติ พ่วงทรัพย์,4,ประชาธิปัตย์,"18,973"
ลำปาง,2548,3,นายจักรกฤษณ์ ใจสีคำ,6,คนขอปลดหนี้,501
ลำปาง,2548,3,นายวาสิต พยัคฆบุตร,9,ไทยรักไทย,"36,835"
ลำปาง,2548,3,พ.อ.เด็ดดวง ณ ลำปาง,10,ความหวังใหม่,"1,685"
ลำปาง,2548,3,นายสำคัญ วรรณบวร,11,มหาชน,"6,623"
ลำปาง,2548,3,พ.ต.ต.ถนัด หิรัญคำ,15,ชาติประชาธิปไตย,"1,056"
ลำปาง,2548,4,นายเสน่ห์ แก้วมาลัย,1,ชาติไทย,"15,372"
ลำปาง,2548,4,พ.ต.ท.สิทธา ทองสวัสดิ์,4,ประชาธิปัตย์,"11,089"
ลำปาง,2548,4,น.ส.วิรัชดา หอมแก่นจันทร์,6,คนขอปลดหนี้,994
ลำปาง,2548,4,นายพินิจ จันทรสุรินทร์,9,ไทยรักไทย,"54,408"
ลำปาง,2548,4,น.ส.วิภาดา ฝั้นเต็ม,11,มหาชน,"3,380"
ลำปาง,2548,5,นายเทวินทร์ จันทราช,1,ชาติไทย,"2,304"
ลำปาง,2548,5,นายสุธรรม ศุภมงคล,4,ประชาธิปัตย์,"1,490"
ลำปาง,2548,5,น.ส.ณาตยา ไชยเมืองชื่น,6,คนขอปลดหนี้,"1,662"
ลำปาง,2548,5,นายอิทธิรัตน์ จันทรสุรินทร์,9,ไทยรักไทย,"51,726"
ลำปาง,2548,5,น.ส.ธารทอง ทองสวัสดิ์,11,มหาชน,"22,369"
ลำพูน,2548,1,นายโอภาส คำบุญเรือง,4,ประชาธิปัตย์,"14,150"
ลำพูน,2548,1,นายจักรคำ ใจศรีธิ,6,คนขอปลดหนี้,"3,069"
ลำพูน,2548,1,น.ส.อาภาภรณ์ พุทธปวน,9,ไทยรักไทย,"49,241"
ลำพูน,2548,1,นางอุบลรัตน์ เกริกจินดา,10,ความหวังใหม่,370
ลำพูน,2548,1,นายบรรจง ไชยรังษี,11,มหาชน,"8,353"
ลำพูน,2548,1,นายบุญสมเสถียร ทะพิงค์แก,15,ชาติประชาธิปไตย,"2,219"
ลำพูน,2548,2,นายภูมิวัชร์ สุภาศรี,1,ชาติไทย,"10,117"
ลำพูน,2548,2,พ.ต.ท.อัมรินทร์ ขัติยะวรา,4,ประชาธิปัตย์,"8,691"
ลำพูน,2548,2,นายวสันต์ นันตา,5,ประชาชนไทย,146
ลำพูน,2548,2,นายอภิชาติ สายปัญญาใย,6,คนขอปลดหนี้,"5,356"
ลำพูน,2548,2,นายสงวน พงษ์มณี,9,ไทยรักไทย,"45,688"
ลำพูน,2548,2,นายนพดล จอมจันทร์ยอง,10,ความหวังใหม่,"4,173"
ลำพูน,2548,2,นางอรทัย ออประยูร,11,มหาชน,"8,413"
ลำพูน,2548,3,นายทรงชัย วงศ์สวัสดิ์,4,ประชาธิปัตย์,"24,852"
ลำพูน,2548,3,นายวสันต์ กาบุตร,5,ประชาชนไทย,285
ลำพูน,2548,3,นายเพิ่มพูน สิทธิโรจน์,6,คนขอปลดหนี้,"4,680"
ลำพูน,2548,3,นายสถาพร มณีรัตน์,9,ไทยรักไทย,"51,156"
ลำพูน,2548,3,นายพงศธร คำใจหนัก,10,ความหวังใหม่,"1,449"
ลำพูน,2548,3,นายอนันต์ วังเวียง,11,มหาชน,"4,071"
เลย,2548,1,นายอาวุธ อมรทวีสิน,4,ประชาธิปัตย์,"19,905"
เลย,2548,1,พ.ต.ท.ทรงเดช ผาจันทร์,5,ประชาชนไทย,377
เลย,2548,1,นายฉัตรชัย ลีกระจ่าง,6,คนขอปลดหนี้,"1,335"
เลย,2548,1,นายทศพล สังขทรัพย์,9,ไทยรักไทย,"58,112"
เลย,2548,1,นายสุวัฒน์ เคณาภูมิ,10,ความหวังใหม่,600
เลย,2548,2,นายไพบูลย์ หล้าภูเขียว,4,ประชาธิปัตย์,"4,217"
เลย,2548,2,นายอภิรักษ์ ทาจิต,5,ประชาชนไทย,231
เลย,2548,2,นายสุชาติ ลีกระจ่าง,6,คนขอปลดหนี้,692
เลย,2548,2,นางนันทนา ทิมสุวรรณ,9,ไทยรักไทย,"52,652"
เลย,2548,2,นายยุทธ บุญเกษ,10,ความหวังใหม่,"1,169"
เลย,2548,2,นายพินิจ สิทธิโห,11,มหาชน,"12,670"
เลย,2548,3,นายก้องภพ อันทะระ,1,ชาติไทย,919
เลย,2548,3,นายแก้วกล้า ทาสาลี,4,ประชาธิปัตย์,"4,209"
เลย,2548,3,นายพิพัฒน์ สุวรรณชาติ,5,ประชาชนไทย,336
เลย,2548,3,นายปรีชา เร่งสมบูรณ์สุข,9,ไทยรักไทย,"48,194"
เลย,2548,3,นายสุชาติ ดำรงคดี,10,ความหวังใหม่,846
เลย,2548,3,นายอดุลย์เดช ติยะบุตร,11,มหาชน,"24,688"
เลย,2548,4,นายสิทธิชัย สิทธิรัตน์,1,ชาติไทย,"9,754"
เลย,2548,4,นายประพัฒน์พงศ์ สืบสาย,4,ประชาธิปัตย์,"9,074"
เลย,2548,4,จ.ส.อ.ชูชาติ สงกลาง,5,ประชาชนไทย,201
เลย,2548,4,นางจันทร์เพ็ญ แสงเจริญรัตน์,9,ไทยรักไทย,"47,881"
เลย,2548,4,นายอานนท์ พลภักดี,11,มหาชน,"1,952"
ศรีสะเกษ,2548,1,นายสิริพงศ์ อังคสกุลเกียรติ,1,ชาติไทย,"33,835"
ศรีสะเกษ,2548,1,นายเสนีย์ ช่างเพ็ชร์,4,ประชาธิปัตย์,956
ศรีสะเกษ,2548,1,นายวีระพล สุขสนอง,5,ประชาชนไทย,91
ศรีสะเกษ,2548,1,นายธเนศ เครือรัตน์,9,ไทยรักไทย,"40,492"
ศรีสะเกษ,2548,1,นายวีระ จันทร์ดวงศรี,10,ความหวังใหม่,355
ศรีสะเกษ,2548,2,นายอภิชาติ ชาญประดิษฐ์,1,ชาติไทย,"25,328"
ศรีสะเกษ,2548,2,นายกมล แสงเดช,4,ประชาธิปัตย์,"1,734"
ศรีสะเกษ,2548,2,นายพิทยา บุญเฉลี่ยว,9,ไทยรักไทย,"40,172"
ศรีสะเกษ,2548,2,นายกฤษนัย นัยนิตย์,10,ความหวังใหม่,366
ศรีสะเกษ,2548,2,นายพิศ สายสิงห์,11,มหาชน,"2,226"
ศรีสะเกษ,2548,2,นายพิทยา นักรำ,13,ไทยช่วยไทย,85
ศรีสะเกษ,2548,3,นายธีระ ไตรสรณกุล,1,ชาติไทย,"24,292"
ศรีสะเกษ,2548,3,นายสุรณัฐ แนบเนียม,4,ประชาธิปัตย์,820
ศรีสะเกษ,2548,3,นายวิวัฒชัย โหตระไวศยะ,9,ไทยรักไทย,"42,242"
ศรีสะเกษ,2548,3,นายสุรชัย ชินชัย,11,มหาชน,"1,043"
ศรีสะเกษ,2548,4,นายภูมินทร์ ลีธีระประเสริฐ,1,ชาติไทย,"30,013"
ศรีสะเกษ,2548,4,นายวินัย มณีกสิพันธ์,4,ประชาธิปัตย์,645
ศรีสะเกษ,2548,4,นายภานุพงศ์ ไชยวิเศษ,5,ประชาชนไทย,64
ศรีสะเกษ,2548,4,นายจาตุรงค์ เพ็งนรพัฒน์,9,ไทยรักไทย,"37,857"
ศรีสะเกษ,2548,5,นายดนัยฤทธิ์ วัชราภรณ์,1,ชาติไทย,"21,238"
ศรีสะเกษ,2548,5,นายศักดา กาญจนเสน,4,ประชาธิปัตย์,812
ศรีสะเกษ,2548,5,นายเศรษฐศิษฏ์ ณุวงค์ศรี,5,ประชาชนไทย,733
ศรีสะเกษ,2548,5,นายอมรเทพ สมหมาย,9,ไทยรักไทย,"38,351"
ศรีสะเกษ,2548,5,นายบัญชร แก้วส่อง,11,มหาชน,"5,452"
ศรีสะเกษ,2548,6,นายวีระพล จิตสัมฤทธิ์,1,ชาติไทย,"31,736"
ศรีสะเกษ,2548,6,นายพลเดช ศรีบุญเรือง,4,ประชาธิปัตย์,"1,474"
ศรีสะเกษ,2548,6,นายดำริห์ บุญสาลี,5,ประชาชนไทย,117
ศรีสะเกษ,2548,6,พ.ต.อ.ทิน วงศ์ปลั่ง,9,ไทยรักไทย,"29,486"
ศรีสะเกษ,2548,6,นายอภิสิทธิ์ สุระนรากุล,11,มหาชน,"5,044"
ศรีสะเกษ,2548,7,นางทัศนีย์ เกษกุล,1,ชาติไทย,"4,367"
ศรีสะเกษ,2548,7,นายอุดม บัวเกษ,4,ประชาธิปัตย์,"3,745"
ศรีสะเกษ,2548,7,นางมาลินี อินฉัตร,9,ไทยรักไทย,"53,490"
ศรีสะเกษ,2548,7,นายชัย ศรีคราม,11,มหาชน,"2,845"
ศรีสะเกษ,2548,8,นายมานพ จรัสดำรงนิตย์,9,ไทยรักไทย,"37,180"
ศรีสะเกษ,2548,8,นายไพโรจน์ วงศ์พรหม,11,มหาชน,"27,426"
ศรีสะเกษ,2548,9,นายสมศักดิ์ ศรีภักดิ์,1,ชาติไทย,"1,324"
ศรีสะเกษ,2548,9,นายพินิต ศิริวัฒนชัยศิลป์,4,ประชาธิปัตย์,"1,255"
ศรีสะเกษ,2548,9,นายปวีณ แซ่จึง,9,ไทยรักไทย,"60,649"
ศรีสะเกษ,2548,9,นายเชาวลิต ศิลารักษ์,11,มหาชน,"4,324"
สกลนคร,2548,1,นายชาลี ราชัย,1,ชาติไทย,"1,326"
สกลนคร,2548,1,นายทวีวัฒน์ ฤทธิ์ฤาชัย,4,ประชาธิปัตย์,"4,497"
สกลนคร,2548,1,นางพิศตะวัน จักรพิมพ์,5,ประชาชนไทย,388
สกลนคร,2548,1,นายอภิชาติ ตีรสวัสดิชัย,9,ไทยรักไทย,"54,162"
สกลนคร,2548,1,นายบุญมี วงศ์ศรีดา,10,ความหวังใหม่,"4,756"
สกลนคร,2548,1,นางอมราวดี สมผล,11,มหาชน,"9,477"
สกลนคร,2548,2,นายอธิพัทธ์ ศรีธนนันท์,1,ชาติไทย,"4,595"
สกลนคร,2548,2,นายสุวิทย์ นันอำไพ,4,ประชาธิปัตย์,969
สกลนคร,2548,2,ว่าที่ ร.ต.ไต้หวัน คำสร้าง,6,คนขอปลดหนี้,"2,633"
สกลนคร,2548,2,นายเฉลิมชัย อุฬารกุล,9,ไทยรักไทย,"50,882"
สกลนคร,2548,2,นายศิริชัย สมพงษ์,11,มหาชน,"8,207"
สกลนคร,2548,2,นายพงศ์ภีระ วงศ์ธีรนันท์,21,เกษตรกรไทย,182
สกลนคร,2548,3,นายนริศร ทองธิราช,1,ชาติไทย,"24,250"
สกลนคร,2548,3,นายไพศาล คำจวง,4,ประชาธิปัตย์,"1,835"
สกลนคร,2548,3,นายวันเย็น แก้วก่า,6,คนขอปลดหนี้,"3,101"
สกลนคร,2548,3,นายเฉลิมชาติ การุญ,9,ไทยรักไทย,"39,093"
สกลนคร,2548,3,นายสุรวิทย์ ฝึกฝน,11,มหาชน,817
สกลนคร,2548,4,นายไพรัตน์ เหมะธุลิน,4,ประชาธิปัตย์,"2,666"
สกลนคร,2548,4,นายชาญณรงค์ ศรีสำราญ,5,ประชาชนไทย,"1,292"
สกลนคร,2548,4,นายสาคร พรหมภักดี,9,ไทยรักไทย,"50,123"
สกลนคร,2548,4,นายทรงศักดิ์ สิงหาด,11,มหาชน,"10,982"
สกลนคร,2548,5,นายชาคริต ไชยทองพันธ์,1,ชาติไทย,698
สกลนคร,2548,5,นายบุญธรรม อาจหาญ,4,ประชาธิปัตย์,676
สกลนคร,2548,5,นายพงษ์ศักดิ์ บุญศล,9,ไทยรักไทย,"38,497"
สกลนคร,2548,5,นายชัยรัตน์ หงส์ทอง,10,ความหวังใหม่,"4,939"
สกลนคร,2548,5,นายชัยมงคล ไชยรบ,11,มหาชน,"17,652"
สกลนคร,2548,6,นายพงศา คอมแพงจันทร์,1,ชาติไทย,"16,546"
สกลนคร,2548,6,นายสุนทร แผงงาม,4,ประชาธิปัตย์,709
สกลนคร,2548,6,นายเสรี สาระนันท์,9,ไทยรักไทย,"43,622"
สกลนคร,2548,6,นายวัชรินทร์ ศรีถาพร,11,มหาชน,"2,037"
สกลนคร,2548,7,นายสุริยนต์ ศรีสถาน,1,ชาติไทย,"4,976"
สกลนคร,2548,7,นายบุญรักษ์ พลศรีดา,4,ประชาธิปัตย์,441
สกลนคร,2548,7,นายบัวระพา จันทรา,6,คนขอปลดหนี้,"1,187"
สกลนคร,2548,7,นายเกษม อุประ,9,ไทยรักไทย,"33,674"
สกลนคร,2548,7,นายอวยชัย สุขรัตน์,10,ความหวังใหม่,"11,226"
สกลนคร,2548,7,นายภานุวัติ ยศรักษา,11,มหาชน,"10,303"
สกลนคร,2548,7,นางกานดา รัตนวิจารณ์,15,ชาติประชาธิปไตย,102
สงขลา,2548,1,นายวรพจน์ วรพงศ์,1,ชาติไทย,"2,624"
สงขลา,2548,1,นายเจือ ราชสีห์,4,ประชาธิปัตย์,"56,997"
สงขลา,2548,1,นายวันชัย ปริญญาศิริ,9,ไทยรักไทย,"22,750"
สงขลา,2548,2,นายจำแลง มงคลนิสภกุล,1,ชาติไทย,"2,111"
สงขลา,2548,2,นายลาภศักดิ์ ลาภาโรจน์กิจ,4,ประชาธิปัตย์,"54,407"
สงขลา,2548,2,นายอรรถชาญ เชาวน์วานิชย์,9,ไทยรักไทย,"14,459"
สงขลา,2548,2,นายนฤชาติ บุญสุวรรณ,11,มหาชน,"1,180"
สงขลา,2548,3,นายนิรันดร์ แก่นยะกูล,1,ชาติไทย,"4,429"
สงขลา,2548,3,นายวิรัตน์ กัลยาศิริ,4,ประชาธิปัตย์,"67,631"
สงขลา,2548,3,นายสุนทร ประทุมทอง,9,ไทยรักไทย,"22,291"
สงขลา,2548,4,นายอาภรณ์ ทองเมือง,1,ชาติไทย,"2,835"
สงขลา,2548,4,นายวินัย เสนเนียม,4,ประชาธิปัตย์,"49,604"
สงขลา,2548,4,นายกิตติพัฒน์ แก้วมณี,9,ไทยรักไทย,"17,360"
สงขลา,2548,5,นายเฉลิม บุญรัตนัง,1,ชาติไทย,"2,535"
สงขลา,2548,5,นายประพร เอกอุรุ,4,ประชาธิปัตย์,"47,680"
สงขลา,2548,5,นายวรวิทย์ ขาวทอง,9,ไทยรักไทย,"33,039"
สงขลา,2548,5,พ.ต.ท.กมลชัย ศิริรังษี,11,มหาชน,570
สงขลา,2548,6,นายจรูญ ปราบณรงค์,1,ชาติไทย,"1,528"
สงขลา,2548,6,นายถาวร เสนเนียม,4,ประชาธิปัตย์,"59,571"
สงขลา,2548,6,นายพิทักษ์ พุทธวิโร,9,ไทยรักไทย,"15,909"
สงขลา,2548,7,นายวิษณุ บุหงา,1,ชาติไทย,"2,152"
สงขลา,2548,7,นายศิริโชค โสภา,4,ประชาธิปัตย์,"43,848"
สงขลา,2548,7,นายอรัญ พรหมรัตน์,9,ไทยรักไทย,"25,159"
สงขลา,2548,7,นายสาทร สิกกะ,11,มหาชน,"12,736"
สงขลา,2548,7,น.ส.จามจุรี โอภาสภาณุเมศ,19,พลังเกษตรกร,240
สงขลา,2548,8,นายสันทัด หมัดบาซา,1,ชาติไทย,"11,428"
สงขลา,2548,8,นายนาราชา สุวิทย์,4,ประชาธิปัตย์,"45,065"
สงขลา,2548,8,นายสุรศักดิ์ มณี,9,ไทยรักไทย,"27,551"
สงขลา,2548,8,นายชอบ สิทธิประการ,11,มหาชน,"2,638"
สตูล,2548,1,นายอาหมาด หลังยาหน่าย,1,ชาติไทย,"5,662"
สตูล,2548,1,นายอสิ มะหะมัดยังกี,4,ประชาธิปัตย์,"30,771"
สตูล,2548,1,นายชัยรัตน์ ลำโป,9,ไทยรักไทย,"23,899"
สตูล,2548,1,นายมูนีร์สมูฮัมหมัด ใบกาเด็ม,11,มหาชน,"5,930"
สตูล,2548,2,นายวีรชัย ราโอบ,1,ชาติไทย,"1,344"
สตูล,2548,2,นายธานินทร์ ใจสมุทร,4,ประชาธิปัตย์,"36,508"
สตูล,2548,2,นายจิรายุส เนาวเกตุ,9,ไทยรักไทย,"34,589"
สตูล,2548,2,นายชอบ ขุนศักดิ์,11,มหาชน,"1,346"
สมุทรปราการ,2548,1,นายอนัน เทพหัสดิน ณ อยุธยา,4,ประชาธิปัตย์,"9,755"
สมุทรปราการ,2548,1,นายสงคราม กิจเลิศไพโรจน์,9,ไทยรักไทย,"34,070"
สมุทรปราการ,2548,1,นายอัครวัฒน์ อัศวเหม,11,มหาชน,"16,007"
สมุทรปราการ,2548,1,นายเอราวัณ ทับพลี,14,แรงงาน,"1,245"
สมุทรปราการ,2548,2,นายเอกสิทธิ คุณานันทกุล,1,ชาติไทย,"10,379"
สมุทรปราการ,2548,2,น.ส.สรชา วีรชาติวัฒนา,4,ประชาธิปัตย์,"12,945"
สมุทรปราการ,2548,2,นายประเสริฐ เด่นนภาลัย,9,ไทยรักไทย,"38,408"
สมุทรปราการ,2548,2,นายกิตติ ยงศ์สงวนชัย,11,มหาชน,"13,813"
สมุทรปราการ,2548,2,นายเกรียงศักดิ์ พินทุสรศรี,17,ทางเลือกที่สาม,423
สมุทรปราการ,2548,3,น.ส.อภิลักษณ์ ปรัชญาภรณ์,4,ประชาธิปัตย์,"10,510"
สมุทรปราการ,2548,3,ว่าที่ ร.ท.วัลลภ ยังตรง,9,ไทยรักไทย,"44,506"
สมุทรปราการ,2548,3,นายจักรกฤษณ์ ยั่งยืน,11,มหาชน,"16,279"
สมุทรปราการ,2548,4,นายสุวัจชัย ฉัตรชุมสาย,4,ประชาธิปัตย์,"17,184"
สมุทรปราการ,2548,4,นายจิรพันธ์ ลิ้มสกุลศิริรัตน์,9,ไทยรักไทย,"45,589"
สมุทรปราการ,2548,4,นายสุนทร ปานแสงทอง,11,มหาชน,"10,994"
สมุทรปราการ,2548,5,นายเกรียงศักดิ์ บุญประเสริฐ,4,ประชาธิปัตย์,"10,127"
สมุทรปราการ,2548,5,นางสลิลทิพย์ ชัยสดมภ์,9,ไทยรักไทย,"50,006"
สมุทรปราการ,2548,5,นายมั่น พัธโนทัย,11,มหาชน,"10,115"
สมุทรปราการ,2548,6,นายอุเทน ชาติภิญโญ,4,ประชาธิปัตย์,"8,258"
สมุทรปราการ,2548,6,น.ส.เรวดี รัศมิทัติ,9,ไทยรักไทย,"49,542"
สมุทรปราการ,2548,6,น.ส.นันทนิจ กุลเจริญ,11,มหาชน,"15,183"
สมุทรปราการ,2548,7,นายสมยศ ประกอบผล,4,ประชาธิปัตย์,"11,966"
สมุทรปราการ,2548,7,นายประชา ประสพดี,9,ไทยรักไทย,"46,880"
สมุทรปราการ,2548,7,นายภัทราวุธ พุกพิบูลย์,11,มหาชน,"14,536"
สมุทรสงคราม,2548,1,นายโยธิน ณ บางช้าง,1,ชาติไทย,"1,038"
สมุทรสงคราม,2548,1,น.ส.รังสิมา รอดรัศมี,4,ประชาธิปัตย์,"55,507"
สมุทรสงคราม,2548,1,นายไชยรัตน์ ไทยเจียมอารีย์,9,ไทยรักไทย,"44,838"
สมุทรสงคราม,2548,1,นายอัครเดช ยิ่งนคร,11,มหาชน,621
สมุทรสาคร,2548,1,นายวิรัช เถื่อนยืนยงค์,1,ชาติไทย,"1,407"
สมุทรสาคร,2548,1,นายครรชิต ทับสุวรรณ,4,ประชาธิปัตย์,"28,929"
สมุทรสาคร,2548,1,นายอนุสรณ์ ไกรวัตนุสสรณ์,9,ไทยรักไทย,"37,542"
สมุทรสาคร,2548,1,นายสนธิญา สวัสดี,12,ประชากรไทย,327
สมุทรสาคร,2548,2,นาวาตรีสุธรรม ระหงษ์,4,ประชาธิปัตย์,"38,825"
สมุทรสาคร,2548,2,นายเชี่ยวชาญ โชติกะพุกกณะ,5,ประชาชนไทย,226
สมุทรสาคร,2548,2,นายศุภพรพงศ์ ชวนบุญ,9,ไทยรักไทย,"42,318"
สมุทรสาคร,2548,3,พ.ต.อ.วิเลข ศรีนิเวศน์,4,ประชาธิปัตย์,"28,953"
สมุทรสาคร,2548,3,นายอุดม ไกรวัตนุสสรณ์,9,ไทยรักไทย,"39,482"
สระแก้ว,2548,1,นายเรือง บาดาล,4,ประชาธิปัตย์,"8,678"
สระแก้ว,2548,1,นายฐานิสร์ เทียนทอง,9,ไทยรักไทย,"77,036"
สระแก้ว,2548,2,นายสุทธิรักษ์ วันเพ็ญ,4,ประชาธิปัตย์,"8,953"
สระแก้ว,2548,2,น.ส.ตรีนุช เทียนทอง,9,ไทยรักไทย,"74,286"
สระแก้ว,2548,3,นายพรพล เอกอรรถพร,4,ประชาธิปัตย์,"16,875"
สระแก้ว,2548,3,นายสรวงศ์ เทียนทอง,9,ไทยรักไทย,"62,444"
สระบุรี,2548,1,นายขุนทอง แสนวิเศษ,1,ชาติไทย,"11,872"
สระบุรี,2548,1,น.ส.กัลยา รุ่งวิจิตรชัย,4,ประชาธิปัตย์,"25,326"
สระบุรี,2548,1,ร.ต.ปรพล อดิเรกสาร,9,ไทยรักไทย,"39,048"
สระบุรี,2548,1,พล.ต.ต.มงคล เพชรวราภา,11,มหาชน,"2,255"
สระบุรี,2548,2,นายเสน่ห์ เลาหะพานิช,1,ชาติไทย,"28,778"
สระบุรี,2548,2,นายอดิศักดิ์ จันทร์วิทัน,4,ประชาธิปัตย์,"5,668"
สระบุรี,2548,2,นายยงยศ อดิเรกสาร,9,ไทยรักไทย,"38,345"
สระบุรี,2548,2,นายเชิดชัย กลางสาทร,10,ความหวังใหม่,793
สระบุรี,2548,2,นายสมชาย ใจมุ่ง,11,มหาชน,718
สระบุรี,2548,3,นายสัญญา บุญ-หลง,1,ชาติไทย,"20,146"
สระบุรี,2548,3,นายธนวัฒน์ คูวิจิตรสุวรรณ,4,ประชาธิปัตย์,"17,776"
สระบุรี,2548,3,นายฉัตรชัย ศิลาพร,9,ไทยรักไทย,"44,649"
สระบุรี,2548,4,นายชนัตถ์ นันทปัญญา,1,ชาติไทย,"22,404"
สระบุรี,2548,4,นายคงคา อินทขันตี,4,ประชาธิปัตย์,"3,456"
สระบุรี,2548,4,นายวีระพล อดิเรกสาร,9,ไทยรักไทย,"46,325"
สิงห์บุรี,2548,1,นายชัยวุฒิ ธนาคมานุสรณ์,1,ชาติไทย,"45,320"
สิงห์บุรี,2548,1,นายเอกทีป ธิติธางกูร,4,ประชาธิปัตย์,"3,326"
สิงห์บุรี,2548,1,นายพายัพ ปั้นเกตุ,9,ไทยรักไทย,"72,708"
สิงห์บุรี,2548,1,นายอาคม ปั้นคุ้ม,10,ความหวังใหม่,273
สิงห์บุรี,2548,1,นายวันเฉลิม แสงสว่าง,11,มหาชน,485
สุโขทัย,2548,1,นายวิรัตน์ วิริยะพงษ์,4,ประชาธิปัตย์,"23,255"
สุโขทัย,2548,1,นายชาญชัย จินดาเลิศ,6,คนขอปลดหนี้,810
สุโขทัย,2548,1,นางอนงค์วรรณ เทพสุทิน,9,ไทยรักไทย,"46,770"
สุโขทัย,2548,1,นางวรอนงค์ หวลจิตร์,11,มหาชน,"2,050"
สุโขทัย,2548,2,นายสัมพันธ์ ตั้งเบญจผล,4,ประชาธิปัตย์,"22,937"
สุโขทัย,2548,2,นายอุดม หมีเทศ,6,คนขอปลดหนี้,"12,070"
สุโขทัย,2548,2,นายประศาสตร์ ทองปากน้ำ,9,ไทยรักไทย,"39,461"
สุโขทัย,2548,3,นายวัชพล พรหมมี,4,ประชาธิปัตย์,"18,802"
สุโขทัย,2548,3,นายสุทธิพงษ์ เพ็งพี,6,คนขอปลดหนี้,"1,203"
สุโขทัย,2548,3,นายสมเจตน์ ลิมปะพันธุ์,9,ไทยรักไทย,"53,116"
สุโขทัย,2548,4,นายสุเทพ เอื้อคณิต,1,ชาติไทย,868
สุโขทัย,2548,4,นายพลวัฒน์ เล็กสมบูรณ์ไชย,4,ประชาธิปัตย์,"31,662"
สุโขทัย,2548,4,น.ส.ชุดาภรณ์ โพธิ์แจ้ง,6,คนขอปลดหนี้,740
สุโขทัย,2548,4,นายประทวน เขียวฤทธิ์,9,ไทยรักไทย,"40,942"
สุพรรณบุรี,2548,1,นายวราวุธ ศิลปอาชา,1,ชาติไทย,"57,998"
สุพรรณบุรี,2548,1,นายธนิตศักดิ์ ป้องเจริญ,4,ประชาธิปัตย์,"1,234"
สุพรรณบุรี,2548,1,พ.ต.อ.ปรีดี เจริญศิลป์,9,ไทยรักไทย,"17,954"
สุพรรณบุรี,2548,2,น.ส.กัญจนา ศิลปอาชา,1,ชาติไทย,"60,816"
สุพรรณบุรี,2548,2,นายปรึกษา เจริญกิจ,4,ประชาธิปัตย์,289
สุพรรณบุรี,2548,2,นายวิจิตร เกตุแก้ว,9,ไทยรักไทย,"14,460"
สุพรรณบุรี,2548,3,นายณัฐวุฒิ ประเสริฐสุวรรณ,1,ชาติไทย,"61,211"
สุพรรณบุรี,2548,3,นายวิภาต สุนทรวิภาต,4,ประชาธิปัตย์,418
สุพรรณบุรี,2548,3,นายสมคิด สัมฤทธิ์สุทธิ์,9,ไทยรักไทย,"10,137"
สุพรรณบุรี,2548,4,นายบรรหาร ศิลปอาชา,1,ชาติไทย,"58,610"
สุพรรณบุรี,2548,4,นายธารา สอิ้งทอง,4,ประชาธิปัตย์,840
สุพรรณบุรี,2548,4,นายยุทธนา ลับบัวงาม,9,ไทยรักไทย,"10,801"
สุพรรณบุรี,2548,5,นายยุทธนา โพธสุธน,1,ชาติไทย,"55,165"
สุพรรณบุรี,2548,5,นายบัญชา อ่อนวิมล,4,ประชาธิปัตย์,"1,449"
สุพรรณบุรี,2548,5,นายเทียนชัย ปิ่นวิเศษ,9,ไทยรักไทย,"21,388"
สุพรรณบุรี,2548,6,นายเสมอกัน เที่ยงธรรม,1,ชาติไทย,"42,795"
สุพรรณบุรี,2548,6,นายปัญญา ทูลเสนีย์,4,ประชาธิปัตย์,707
สุพรรณบุรี,2548,6,นายสหรัฐ กุลศรี,9,ไทยรักไทย,"29,927"
สุราษฎร์ธานี,2548,1,นายโกเมศ ขวัญเมือง,4,ประชาธิปัตย์,"48,383"
สุราษฎร์ธานี,2548,1,นายภานุ ศรีบุศยกาญจน์,9,ไทยรักไทย,"20,990"
สุราษฎร์ธานี,2548,1,นายษัษฐบุตร พฤทธิพันธุ์,11,มหาชน,"3,918"
สุราษฎร์ธานี,2548,2,นายประพนธ์ นิลวัชรมณี,4,ประชาธิปัตย์,"61,315"
สุราษฎร์ธานี,2548,2,นายสมพล วิชัยดิษฐ,9,ไทยรักไทย,"22,251"
สุราษฎร์ธานี,2548,3,นายมานพ เกษมณี,1,ชาติไทย,"6,352"
สุราษฎร์ธานี,2548,3,นายชุมพล กาญจนะ,4,ประชาธิปัตย์,"52,602"
สุราษฎร์ธานี,2548,3,นายชูชัย ทองขาว,9,ไทยรักไทย,"16,460"
สุราษฎร์ธานี,2548,4,นายเชน เทือกสุบรรณ,4,ประชาธิปัตย์,"50,175"
สุราษฎร์ธานี,2548,4,นายทรงกรด ประดิษฐพร,9,ไทยรักไทย,"22,363"
สุราษฎร์ธานี,2548,5,นายเอกราช รอดเจริญ,1,ชาติไทย,"1,662"
สุราษฎร์ธานี,2548,5,นายสินิตย์ เลิศไกร,4,ประชาธิปัตย์,"68,019"
สุราษฎร์ธานี,2548,5,นายโกมล นกวิเชียร,9,ไทยรักไทย,"16,265"
สุราษฎร์ธานี,2548,6,นายประมวล ชูกล่อม,1,ชาติไทย,"4,638"
สุราษฎร์ธานี,2548,6,นางนิภา พริ้งศุลกะ,4,ประชาธิปัตย์,"60,714"
สุราษฎร์ธานี,2548,6,นายรัฐพล โกละกะ,9,ไทยรักไทย,"12,338"
สุราษฎร์ธานี,2548,6,นายชยุต วิมล,11,มหาชน,"2,159"
สุรินทร์,2548,1,นายบุญติด สุรประพจน์,1,ชาติไทย,"2,561"
สุรินทร์,2548,1,นายอัครเดช สุพรรณฝาย,4,ประชาธิปัตย์,"7,613"
สุรินทร์,2548,1,นายนักสิทธิ์ อุ่นจิต,5,ประชาชนไทย,485
สุรินทร์,2548,1,นายชูชัย มุ่งเจริญพร,9,ไทยรักไทย,"43,594"
สุรินทร์,2548,1,นายกานนท์ เรืองกาญจนเศรษฐ์,11,มหาชน,"12,596"
สุรินทร์,2548,2,น.ส.ภูริตา มูลศาสตร์,1,ชาติไทย,"9,870"
สุรินทร์,2548,2,นางศิริรัตน์ สมัครสมาน,4,ประชาธิปัตย์,"3,532"
สุรินทร์,2548,2,ว่าที่ ร.ต.สันทัด อุไร,5,ประชาชนไทย,"2,683"
สุรินทร์,2548,2,นายเกษม รุ่งธนเกียรติ,9,ไทยรักไทย,"36,706"
สุรินทร์,2548,2,นายสุวิช บูรณ์เจริญ,11,มหาชน,"13,694"
สุรินทร์,2548,3,นายแฎง หนุนชู,1,ชาติไทย,"10,909"
สุรินทร์,2548,3,นายวีระพันธ์ ศิริพาณิชย์ศกุนต์,4,ประชาธิปัตย์,"5,001"
สุรินทร์,2548,3,นางฟาริดา สุไลมาน,9,ไทยรักไทย,"38,445"
สุรินทร์,2548,3,นายประไพ สุขบท,11,มหาชน,"3,246"
สุรินทร์,2548,4,นางนัฐมล สมบูรณ์เทอดธนา,1,ชาติไทย,"16,596"
สุรินทร์,2548,4,นายสุเทพ สุระขุนทด,5,ประชาชนไทย,200
สุรินทร์,2548,4,นายธีระทัศน์ เตียวเจริญโสภา,9,ไทยรักไทย,"39,845"
สุรินทร์,2548,4,นายหริศ วีระเสถียร,11,มหาชน,"2,642"
สุรินทร์,2548,5,นายทวีสิทธิ์ ใจกล้า,1,ชาติไทย,"8,663"
สุรินทร์,2548,5,นายสวิน นิลเพชร,4,ประชาธิปัตย์,"1,889"
สุรินทร์,2548,5,นายประดุจ มั่นหมาย,9,ไทยรักไทย,"30,746"
สุรินทร์,2548,5,นายสินชัย ตันติรัตนานนท์,11,มหาชน,"15,158"
สุรินทร์,2548,6,นายชูศักดิ์ แอกทอง,1,ชาติไทย,"13,009"
สุรินทร์,2548,6,นายณรงค์ฤทธิ์ ชัยสุวรรณ์,4,ประชาธิปัตย์,"1,371"
สุรินทร์,2548,6,นายชุมพล เรืองศิริ,5,ประชาชนไทย,133
สุรินทร์,2548,6,นายศุภรักษ์ ควรหา,9,ไทยรักไทย,"42,531"
สุรินทร์,2548,6,นายกำชัย เรืองกาญจนเศรษฐ์,11,มหาชน,"5,126"
สุรินทร์,2548,7,นายสุเทพ เตียวเจริญโสภา,1,ชาติไทย,"19,306"
สุรินทร์,2548,7,นายมานิตย์ สังข์พุ่ม,9,ไทยรักไทย,"37,978"
สุรินทร์,2548,7,พ.ต.ท.พรสวรรค์ มูลศาสตร์,11,มหาชน,"1,191"
สุรินทร์,2548,8,นายสุริยะ ร่วมพัฒนา,1,ชาติไทย,"35,318"
สุรินทร์,2548,8,นายชัย บรรลุสุข,4,ประชาธิปัตย์,420
สุรินทร์,2548,8,นายประชุมศักดิ์ ดีสม,5,ประชาชนไทย,71
สุรินทร์,2548,8,นายเสกสรรค์ แสนภูมิ,9,ไทยรักไทย,"32,369"
สุรินทร์,2548,8,นายอำนาจ จำปาทอง,11,มหาชน,869
สุรินทร์,2548,9,พ.ต.ท.วิทยา เทียมทอง,1,ชาติไทย,"1,324"
สุรินทร์,2548,9,นางจันทร์ฉาย วงศ์วิบูลเศรษฐ์,2,กิจสังคม,88
สุรินทร์,2548,9,นายสุทัศน์ สัตย์แสง,4,ประชาธิปัตย์,631
สุรินทร์,2548,9,น.ส.จันทร์จรัส เสนาธนศักดิ์,7,ธรรมชาติไทย,221
สุรินทร์,2548,9,นายตี๋ใหญ่ พูนศรีธนากูล,9,ไทยรักไทย,"37,472"
สุรินทร์,2548,9,นายชมรพ คำภิรมย์,10,ความหวังใหม่,677
สุรินทร์,2548,9,นายสาธิต เทพวงศ์ศิริรัตน์,11,มหาชน,"19,153"
สุรินทร์,2548,9,นายนันทพัทธ์ ธีมาเกียรติธนา,18,รักษ์ถิ่นไทย,341
หนองคาย,2548,1,นายกำภล เมืองโคตร,1,ชาติไทย,"9,786"
หนองคาย,2548,1,นายมงคล ศิโรรัตนรังษี,4,ประชาธิปัตย์,"13,020"
หนองคาย,2548,1,นายพิบูลย์ มณีทร,6,คนขอปลดหนี้,"1,071"
หนองคาย,2548,1,ว่าที่ ร.ต.พงศ์พันธ์ สุนทรชัย,9,ไทยรักไทย,"45,336"
หนองคาย,2548,1,นายสังวาลย์ ริมเขาใหญ่,11,มหาชน,889
หนองคาย,2548,2,นายธงชัย กึ่งมาตย์,4,ประชาธิปัตย์,"1,562"
หนองคาย,2548,2,นายอนันต์ ภมรศิริ,5,ประชาชนไทย,122
หนองคาย,2548,2,นางพูลทรัพย์ คมสัน,6,คนขอปลดหนี้,626
หนองคาย,2548,2,นายประสิทธิ์ จันทาทอง,9,ไทยรักไทย,"42,220"
หนองคาย,2548,2,นายเทียนชัย มีชัย,11,มหาชน,"15,326"
หนองคาย,2548,3,พ.ต.ท.ประสงค์ ปุนนา,1,ชาติไทย,"5,328"
หนองคาย,2548,3,นายสานิตย์ นามบุปผา,4,ประชาธิปัตย์,"2,095"
หนองคาย,2548,3,น.ส.จันทร์สุดา เตระชทัด,6,คนขอปลดหนี้,"1,402"
หนองคาย,2548,3,นายเอกธนัช อินทร์รอด,9,ไทยรักไทย,"48,804"
หนองคาย,2548,3,นายสมพงษ์ พรหมกลาง,11,มหาชน,"2,112"
หนองคาย,2548,4,นายปิยะ พันลำ,4,ประชาธิปัตย์,"1,372"
หนองคาย,2548,4,นายกังวาล ครองยุติ,6,คนขอปลดหนี้,"2,001"
หนองคาย,2548,4,นายเทวฤทธิ์ นิกรเทศ,9,ไทยรักไทย,"42,478"
หนองคาย,2548,4,นายยุทธพงษ์ แสงศรี,11,มหาชน,"8,777"
หนองคาย,2548,5,นายธรรมนูญ เจริญดี,1,ชาติไทย,"8,773"
หนองคาย,2548,5,นายสากล นันทรักษ์,4,ประชาธิปัตย์,941
หนองคาย,2548,5,นายสัมฤทธิ์ สงวนนาม,6,คนขอปลดหนี้,"2,607"
หนองคาย,2548,5,นายสงกรานต์ คำพิไสย์,9,ไทยรักไทย,"47,704"
หนองคาย,2548,5,นายปฏิวัติ จันทจร,10,ความหวังใหม่,370
หนองคาย,2548,5,นายพยัคฆ์ สิมมาโคตร,11,มหาชน,"3,075"
หนองคาย,2548,6,นายไตรรงค์ ติธรรม,1,ชาติไทย,"13,151"
หนองคาย,2548,6,นายวินัย ติยะบุตร,4,ประชาธิปัตย์,628
หนองคาย,2548,6,นายดิเรก ไชยสุระ,6,คนขอปลดหนี้,"1,604"
หนองคาย,2548,6,นายนิพนธ์ คนขยัน,9,ไทยรักไทย,"38,479"
หนองคาย,2548,6,นายประมวล บุญขัน,10,ความหวังใหม่,236
หนองคาย,2548,6,นายสุเมธ พรมพันห่าว,11,มหาชน,"4,589"
หนองบัวลำภู,2548,1,นายสุรชัย ทวีคูณ,1,ชาติไทย,"1,486"
หนองบัวลำภู,2548,1,น.ส.กุลฤดี สุวรรณพรหม,4,ประชาธิปัตย์,"6,655"
หนองบัวลำภู,2548,1,นายกิตติศักดิ์ หัตถสงเคราะห์,9,ไทยรักไทย,"46,497"
หนองบัวลำภู,2548,1,นายไพรัช นุชิต,11,มหาชน,"15,654"
หนองบัวลำภู,2548,2,นางมัธณาพร ภูตลาดขาม,4,ประชาธิปัตย์,"1,989"
หนองบัวลำภู,2548,2,นายไชยา พรหมา,9,ไทยรักไทย,"44,747"
หนองบัวลำภู,2548,2,นายวุฒิพงษ์ ศิริสถิตย์,11,มหาชน,"19,830"
หนองบัวลำภู,2548,3,ว่าที่ พ.ต.สรชาติ สุวรรณพรหม,4,ประชาธิปัตย์,"5,663"
หนองบัวลำภู,2548,3,นายวิชัย สามิตร,9,ไทยรักไทย,"51,027"
หนองบัวลำภู,2548,3,นายอุทัย เมืองคุณ,11,มหาชน,"8,109"
อ่างทอง,2548,1,พล.ต.ท.วิโรจน์ เปาอินทร์,1,ชาติไทย,"24,529"
อ่างทอง,2548,1,นายอุดม ฤกษ์วรารักษ์,4,ประชาธิปัตย์,"14,211"
อ่างทอง,2548,1,น.ส.เพ็ญชิสา หงษ์อุปถัมภ์ไชย,9,ไทยรักไทย,"38,429"
อ่างทอง,2548,1,นายธนะเทพ ทองสถิต,11,มหาชน,664
อ่างทอง,2548,2,นายสมศักดิ์ ปริศนานันทกุล,1,ชาติไทย,"41,614"
อ่างทอง,2548,2,นายแดน เวลาดี,4,ประชาธิปัตย์,"1,026"
อ่างทอง,2548,2,พล.ต.ต.ประจวบ เปาอินทร์,9,ไทยรักไทย,"33,009"
อ่างทอง,2548,2,นายสมมาตร์ มีศิลป์,11,มหาชน,846
อำนาจเจริญ,2548,1,นายวิเชียร อุดมศักดิ์,4,ประชาธิปัตย์,"28,203"
อำนาจเจริญ,2548,1,นายธีระชัย ศิริขันธ์,9,ไทยรักไทย,"49,229"
อำนาจเจริญ,2548,1,นายไพฑูรย์ เสถียรวัฒน์,11,มหาชน,"4,012"
อำนาจเจริญ,2548,2,นายไพศาล จันทวารา,1,ชาติไทย,"18,927"
อำนาจเจริญ,2548,2,นายอภิวัฒน์ เงินหมื่น,4,ประชาธิปัตย์,"26,241"
อำนาจเจริญ,2548,2,นายชัยศรี กีฬา,9,ไทยรักไทย,"35,718"
อำนาจเจริญ,2548,2,นายศรัญญู ขันติกุล,11,มหาชน,"2,208"
อุดรธานี,2548,1,นางเตือนใจ นุอุปละ,4,ประชาธิปัตย์,"8,438"
อุดรธานี,2548,1,นายศราวุธ เพชรพนมพร,9,ไทยรักไทย,"41,868"
อุดรธานี,2548,1,นางจันทร์เพ็ญ ริ้วทองชุ่ม,10,ความหวังใหม่,"1,118"
อุดรธานี,2548,1,นางพรทิพา กัสนุกา,11,มหาชน,"2,594"
อุดรธานี,2548,2,นายอรรถพล สนิทวงศ์ชัย,9,ไทยรักไทย,"53,946"
อุดรธานี,2548,2,นายพูลศักดิ์ อยู่ประเสริฐ,11,มหาชน,"22,550"
อุดรธานี,2548,3,นายประสาสน์ ทองทวี,4,ประชาธิปัตย์,"1,041"
อุดรธานี,2548,3,นายวิชัย ชัยจิตวณิชกุล,9,ไทยรักไทย,"50,094"
อุดรธานี,2548,3,นายสมคิด หอมเนตร,10,ความหวังใหม่,616
อุดรธานี,2548,3,นายองอาจ วิเศษ,11,มหาชน,"13,230"
อุดรธานี,2548,4,นางสุชีรา ชัยเชาวรัตน์,1,ชาติไทย,"2,428"
อุดรธานี,2548,4,นายธีระยุทธ วานิชชัง,9,ไทยรักไทย,"51,486"
อุดรธานี,2548,4,นายยิ่งยง พูลลาภ,10,ความหวังใหม่,"1,375"
อุดรธานี,2548,4,พ.ต.ท.สุรทิน พิมานเมฆินทร์,11,มหาชน,"11,471"
อุดรธานี,2548,5,นายภาณุ พรวัฒนา,1,ชาติไทย,"11,341"
อุดรธานี,2548,5,นายคงเดช สิทธิมาตย์,4,ประชาธิปัตย์,846
อุดรธานี,2548,5,นายณรงค์ศักดิ์ โฆสิต,6,คนขอปลดหนี้,542
อุดรธานี,2548,5,น.ส.รสพิมล จิรเมธากร,9,ไทยรักไทย,"41,375"
อุดรธานี,2548,5,นายชิน โยธาศรี,10,ความหวังใหม่,333
อุดรธานี,2548,5,นางรุ้งลาวัลย์ คำมุงคุณ,11,มหาชน,"7,260"
อุดรธานี,2548,6,นายเกียรติชัย ชัยเชาวรัตน์,1,ชาติไทย,"6,995"
อุดรธานี,2548,6,นายวิชัย เอี่ยมวงศ์,4,ประชาธิปัตย์,"4,727"
อุดรธานี,2548,6,นายสุกรี ธรรมเจริญ,6,คนขอปลดหนี้,392
อุดรธานี,2548,6,นายทองดี มนิสสาร,9,ไทยรักไทย,"37,685"
อุดรธานี,2548,6,ด.ต.พิชัย ขวัญทอง,10,ความหวังใหม่,213
อุดรธานี,2548,6,นายเพทาย บุญไชย,11,มหาชน,"3,487"
อุดรธานี,2548,6,ว่าที่ ร.ต.กณวรรธน์ มีชัยมาตร์,13,ไทยช่วยไทย,283
อุดรธานี,2548,6,นายขจิตร ชัยนิคม,16,กสิกรไทย,"6,703"
อุดรธานี,2548,7,นายชัยรัตน์ โสดา,1,ชาติไทย,"2,155"
อุดรธานี,2548,7,น.ส.ประภากร ลุนเหลา,4,ประชาธิปัตย์,731
อุดรธานี,2548,7,นายธนวัฒน์ ขันธวิชัย,5,ประชาชนไทย,"1,996"
อุดรธานี,2548,7,นายบุญเรือง เนาวดี,6,คนขอปลดหนี้,710
อุดรธานี,2548,7,นายธีระชัย แสนแก้ว,9,ไทยรักไทย,"51,403"
อุดรธานี,2548,7,นายวิทูล นามคูณ,10,ความหวังใหม่,424
อุดรธานี,2548,7,นายประดิษฐ์ ระบาเลิศ,11,มหาชน,"12,948"
อุดรธานี,2548,8,นายเกษมสันต์ จันทรเสนา,1,ชาติไทย,"3,587"
อุดรธานี,2548,8,นายต่อพงษ์ ไชยสาส์น,9,ไทยรักไทย,"51,617"
อุดรธานี,2548,8,นายสว่าง วรรณสุทธิ์,10,ความหวังใหม่,681
อุดรธานี,2548,8,นายสมเกียรติ สุขธนะ,11,มหาชน,"9,111"
อุดรธานี,2548,9,นายกิตติศักดิ์ พรหมทะสาร,1,ชาติไทย,"1,157"
อุดรธานี,2548,9,จ.ส.ต.สินสมุทร วงษ์เชียงยืน,4,ประชาธิปัตย์,"1,323"
อุดรธานี,2548,9,นายสมบูรณ์ งามเกาะ,5,ประชาชนไทย,118
อุดรธานี,2548,9,นายธราพงษ์ สีลาวงษ์,9,ไทยรักไทย,"53,104"
อุดรธานี,2548,9,น.ส.รัศมี สังข์ทอง,11,มหาชน,"10,496"
อุดรธานี,2548,9,นายจำรัส เหล่าแค,15,ชาติประชาธิปไตย,337
อุดรธานี,2548,10,นายบุญหนัก นันทกุล,1,ชาติไทย,"22,968"
อุดรธานี,2548,10,นายสังวาลย์ ศิริพันธุ์,4,ประชาธิปัตย์,405
อุดรธานี,2548,10,นายธราเทพ จันทะคัต,6,คนขอปลดหนี้,680
อุดรธานี,2548,10,นายสุรชาติ ชำนาญศิลป์,9,ไทยรักไทย,"38,497"
อุดรธานี,2548,10,นายปพนสรรค์ พระแก้ว,10,ความหวังใหม่,632
อุดรธานี,2548,10,นายวิเชียร ขาวขำ,11,มหาชน,"5,918"
อุตรดิตถ์,2548,1,นายพรศักดิ์ เอื้อประเสริฐ,4,ประชาธิปัตย์,"31,695"
อุตรดิตถ์,2548,1,น.ส.กฤษณา สีหลักษณ์,9,ไทยรักไทย,"43,430"
อุตรดิตถ์,2548,1,นายเกรียงศักดิ์ สถาปนศิริ,10,ความหวังใหม่,"1,206"
อุตรดิตถ์,2548,1,ว่าที่ ร.ต.ทวีศักดิ์ แสงเงิน,11,มหาชน,715
อุตรดิตถ์,2548,2,นายแสวง จันทร์แสนตอ,1,ชาติไทย,"1,925"
อุตรดิตถ์,2548,2,นางบุญเทียน แก้วมูล,4,ประชาธิปัตย์,"5,055"
อุตรดิตถ์,2548,2,นายศรัณย์ ศรัณย์เกตุ,9,ไทยรักไทย,"50,264"
อุตรดิตถ์,2548,2,นายไพโรจน์ จันตรี,10,ความหวังใหม่,"1,097"
อุตรดิตถ์,2548,2,นายวิทยา จันทร์แสนตอ,11,มหาชน,"15,784"
อุตรดิตถ์,2548,3,นายยิ่งใหญ่ เส็งพานิช,1,ชาติไทย,"1,271"
อุตรดิตถ์,2548,3,นายอี๊ดยังวัน ยงย่วน,4,ประชาธิปัตย์,"17,505"
อุตรดิตถ์,2548,3,นายทนุศักดิ์ เล็กอุทัย,9,ไทยรักไทย,"62,272"
อุทัยธานี,2548,1,นายธีรพันธ์ วีระยุทธวัฒนะ,1,ชาติไทย,"32,011"
อุทัยธานี,2548,1,นายวิรัต รัตยา,4,ประชาธิปัตย์,"7,889"
อุทัยธานี,2548,1,นายประแสง มงคลศิริ,9,ไทยรักไทย,"32,880"
อุทัยธานี,2548,1,นายพินันต์ พัวพัฒนกุล,11,มหาชน,"11,584"
อุทัยธานี,2548,2,นายนพดล พลเสน,1,ชาติไทย,"42,700"
อุทัยธานี,2548,2,นายวิทยา จันทร์สม,4,ประชาธิปัตย์,"10,294"
อุทัยธานี,2548,2,นายประสงค์ มงคลศิริ,9,ไทยรักไทย,"26,694"
อุบลราชธานี,2548,1,นายอุทิศพงษ์ สรวงสุธาร,4,ประชาธิปัตย์,"7,214"
อุบลราชธานี,2548,1,นายเกรียง กัลป์ตินันท์,9,ไทยรักไทย,"41,506"
อุบลราชธานี,2548,1,นายไพวัณ วัฒนราษฎร์,11,มหาชน,"18,833"
อุบลราชธานี,2548,1,นายไพศาล อัครรัตนดิลก,12,ประชากรไทย,649
อุบลราชธานี,2548,2,นายศุภชัย ศรีหล้า,4,ประชาธิปัตย์,"26,016"
อุบลราชธานี,2548,2,นายสมบัติ รัตโน,9,ไทยรักไทย,"38,274"
อุบลราชธานี,2548,2,นายวิทยา ขันอาสา,11,มหาชน,"10,271"
อุบลราชธานี,2548,3,นายวิฑูรย์ นามบุตร,4,ประชาธิปัตย์,"39,390"
อุบลราชธานี,2548,3,นายโกวิทย์ ธรรมานุชิต,9,ไทยรักไทย,"37,134"
อุบลราชธานี,2548,3,นายชัชวาลย์ วาระนุช,11,มหาชน,437
อุบลราชธานี,2548,3,นายอำพล สุวรรณกูฏ,15,ชาติประชาธิปไตย,151
อุบลราชธานี,2548,4,นายทยากร พลพานิช,1,ชาติไทย,"3,911"
อุบลราชธานี,2548,4,นายไชโย อ่อนละออ,4,ประชาธิปัตย์,"5,015"
อุบลราชธานี,2548,4,นายสุพล ฟองงาม,9,ไทยรักไทย,"64,750"
อุบลราชธานี,2548,4,นายนิวัติ อ่างแก้ว,10,ความหวังใหม่,348
อุบลราชธานี,2548,4,นายธนวัฒน์ อเนกอนันต์กิจ,11,มหาชน,"6,806"
อุบลราชธานี,2548,5,นายรัฐกิตติ์ ผาลีพัฒน์,1,ชาติไทย,"35,762"
อุบลราชธานี,2548,5,นายปฐมพงษ์ เรืองแสน,4,ประชาธิปัตย์,577
อุบลราชธานี,2548,5,นายจิตรกร สุทธิพรชัย,5,ประชาชนไทย,92
อุบลราชธานี,2548,5,นายสุทธิชัย จรูญเนตร,9,ไทยรักไทย,"33,061"
อุบลราชธานี,2548,5,นายสาคร วงษ์ใหญ่,11,มหาชน,"1,105"
อุบลราชธานี,2548,5,นายเจษฎา อมตไพบูลย์,19,พลังเกษตรกร,378
อุบลราชธานี,2548,6,นายมีศักดิ์ ญาณะพันธ์,1,ชาติไทย,"3,420"
อุบลราชธานี,2548,6,นายธนบูรณ์ชัย อร่ามเรือง,4,ประชาธิปัตย์,"7,720"
อุบลราชธานี,2548,6,นายอุดร ทองประเสริฐ,9,ไทยรักไทย,"33,347"
อุบลราชธานี,2548,6,นายวีระ รูปคม,11,มหาชน,"18,006"
อุบลราชธานี,2548,7,นายแสง ศรีบุระ,4,ประชาธิปัตย์,"14,459"
อุบลราชธานี,2548,7,นายอภัย กินามณีย์,6,คนขอปลดหนี้,"5,453"
อุบลราชธานี,2548,7,นายอดิศักดิ์ โภคกุลกานนท์,9,ไทยรักไทย,"29,861"
อุบลราชธานี,2548,7,จ.ส.ต.พยุงศักดิ์ พ้นภัย,10,ความหวังใหม่,"1,888"
อุบลราชธานี,2548,7,นายวิทยา จันทวีศิริรัตน์,11,มหาชน,"16,384"
อุบลราชธานี,2548,8,นายอิสระ สมชัย,4,ประชาธิปัตย์,"36,236"
อุบลราชธานี,2548,8,นายพูลสวัสดิ์ โหตระไวศยะ,9,ไทยรักไทย,"30,057"
อุบลราชธานี,2548,8,นายเชาวพันธ์ เขียวสะอาด,11,มหาชน,"1,004"
อุบลราชธานี,2548,9,น.ส.พิศมัย พิณโท,4,ประชาธิปัตย์,839
อุบลราชธานี,2548,9,นายสุชาติ ตันติวณิชชานนท์,9,ไทยรักไทย,"44,284"
อุบลราชธานี,2548,9,นายวันชัย สุภากรณ์,10,ความหวังใหม่,515
อุบลราชธานี,2548,9,นายปัญญา จินตะเวช,11,มหาชน,"18,257"
อุบลราชธานี,2548,10,นายศักดิ์ชัย จินตะเวช,1,ชาติไทย,"31,580"
อุบลราชธานี,2548,10,น.ส.รุ่งลาวัลย์ วุฒธพรหม,4,ประชาธิปัตย์,552
อุบลราชธานี,2548,10,นางมาลีวัลย์ ไชยสนิท,6,คนขอปลดหนี้,461
อุบลราชธานี,2548,10,นายกิตติพงษ์ เทียมสุวรรณ,9,ไทยรักไทย,"31,973"
อุบลราชธานี,2548,10,นายวิทยา บันทุปา,11,มหาชน,"6,900"
อุบลราชธานี,2548,11,นายโอวาท จุลโคตร,4,ประชาธิปัตย์,"1,946"
อุบลราชธานี,2548,11,นายชาตรี พิริยะกิจไพบูลย์,9,ไทยรักไทย,"33,292"
อุบลราชธานี,2548,11,นายตุ่น จินตะเวช,11,มหาชน,"35,000"
